--
-- PostgreSQL database dump
--

\restrict A2prxGhq7pMNdrybNAhjkNC2fDIjVF2rubGVHVSUo4faumhRYyvrxteR3OS9F2L

-- Dumped from database version 17.6
-- Dumped by pg_dump version 18.3

-- Started on 2026-05-03 10:42:08

SET statement_timeout = 0;
SET lock_timeout = 0;
SET idle_in_transaction_session_timeout = 0;
SET transaction_timeout = 0;
SET client_encoding = 'UTF8';
SET standard_conforming_strings = on;
SELECT pg_catalog.set_config('search_path', '', false);
SET check_function_bodies = false;
SET xmloption = content;
SET client_min_messages = warning;
SET row_security = off;

--
-- TOC entry 4377 (class 0 OID 17681)
-- Dependencies: 381
-- Data for Name: profiles; Type: TABLE DATA; Schema: public; Owner: postgres
--

COPY public.profiles (id, email, full_name, avatar_url, is_admin, is_banned, created_at, updated_at, riot_game_name, riot_tag_line, role) FROM stdin;
6c4cb5c8-e8de-40d9-8321-9281a140eaee	luanscps@gmail.com			f	f	2026-04-28 21:14:11.028269+00	2026-04-28 21:14:11.028269+00	\N	\N	player
\.


--
-- TOC entry 4378 (class 0 OID 17699)
-- Dependencies: 382
-- Data for Name: tournaments; Type: TABLE DATA; Schema: public; Owner: postgres
--

COPY public.tournaments (id, name, description, status, bracket_type, max_teams, prize_pool, start_date, end_date, created_by, created_at, updated_at, min_tier, discord_webhook_url, slug, featured, banner_url, registration_deadline, organizer_id, rules, min_members, max_members, ends_at) FROM stdin;
9dda094c-b93d-40c8-a40d-50f682136d3e	Liga Aspirantes BR - Split 1	Liga regular com fase de pontos corridos. Os 2 melhores avanam para a fase final.	ACTIVE	ROUND_ROBIN	6	R$ 0	2026-04-15 00:03:59.306009+00	2026-05-20 00:03:59.306009+00	6c4cb5c8-e8de-40d9-8321-9281a140eaee	2026-04-29 00:03:59.306009+00	2026-04-29 00:56:32.264642+00	\N	\N	liga-aspirantes-br-split-1	t	\N	\N	6c4cb5c8-e8de-40d9-8321-9281a140eaee	Formato BO1 na fase regular. Pontos: 3 por vitoria, 0 por derrota.	5	6	\N
861f5900-c4f8-441f-a3e9-9eb0a54788f5	Torneio Relampago #12	Torneio rapido de fim de semana. Inscricoes abertas! 4 times, 1 dia, 1 campeao.	REGISTRATION	SINGLE_ELIMINATION	4	R$ 0	2026-05-06 00:03:59.306009+00	2026-05-07 00:03:59.306009+00	6c4cb5c8-e8de-40d9-8321-9281a140eaee	2026-04-29 00:03:59.306009+00	2026-04-29 00:56:32.264642+00	\N	\N	torneio-relampago-12	f	\N	\N	6c4cb5c8-e8de-40d9-8321-9281a140eaee	Formato BO1. Check-in 30min antes do inicio.	5	5	\N
b97476e8-4411-46bc-ad6f-60a567207997	Copa BR Academias S1	Primeira edicao da Copa BR Academias. Times revelacao do cenario competitivo brasileiro se enfrentam no formato eliminatorio.	FINISHED	SINGLE_ELIMINATION	8	R$ 0	2026-02-28 00:03:59.306009+00	2026-03-30 00:03:59.306009+00	6c4cb5c8-e8de-40d9-8321-9281a140eaee	2026-04-29 00:03:59.306009+00	2026-04-29 00:56:32.264642+00	\N	\N	copa-br-academias-s1	t	\N	\N	6c4cb5c8-e8de-40d9-8321-9281a140eaee	Partidas em formato BO3. Chaveamento simples. Proibido uso de smurfs.	5	7	\N
f8b674be-91d9-41a8-a706-e8f5e5f4c8c7	Grand Prix BR 2025	Torneio especial no formato Round Robin completo. Todos os times jogaram entre si.	FINISHED	ROUND_ROBIN	4	R$ 0	2026-01-29 00:03:59.306009+00	2026-02-28 00:03:59.306009+00	6c4cb5c8-e8de-40d9-8321-9281a140eaee	2026-04-29 00:03:59.306009+00	2026-04-29 00:56:32.264642+00	\N	\N	grand-prix-br-2025	f	\N	\N	6c4cb5c8-e8de-40d9-8321-9281a140eaee	Formato BO1. Classificacao por saldo de kills em caso de empate de pontos.	5	5	\N
\.


--
-- TOC entry 4379 (class 0 OID 17718)
-- Dependencies: 383
-- Data for Name: teams; Type: TABLE DATA; Schema: public; Owner: postgres
--

COPY public.teams (id, tournament_id, name, tag, logo_url, owner_id, created_at, is_eliminated, slug, description, is_active, region, banner_url) FROM stdin;
f6e88766-8c69-4cf3-857f-07564c8c3e7a	\N	SEMBRAÇOS	SMB	\N	6c4cb5c8-e8de-40d9-8321-9281a140eaee	2026-04-28 21:32:37.842425+00	f	sembracos	time de ruim	t	BR1	\N
63c8df3b-04ca-4a0e-ac60-f93bf02feaba	\N	AAAA	AAAA	\N	6c4cb5c8-e8de-40d9-8321-9281a140eaee	2026-04-28 21:40:07.059605+00	f	aaaa	\N	t	BR1	\N
3692402c-acb2-40a4-93d8-27da7512bdad	\N	LOUD Uprising	LUD	\N	6c4cb5c8-e8de-40d9-8321-9281a140eaee	2026-04-29 00:02:30.093991+00	f	loud-uprising	Time de desenvolvimento da LOUD.	t	BR1	\N
36c7a784-99a3-41a7-b55c-a3e9a75f1f3c	\N	paiN Academy	PAC	\N	6c4cb5c8-e8de-40d9-8321-9281a140eaee	2026-04-29 00:02:30.093991+00	f	pain-academy	Academia oficial da paiN Gaming.	t	BR1	\N
dcfd38cb-de46-49aa-a26a-fd4184d02e62	\N	FURIA Next	FRN	\N	6c4cb5c8-e8de-40d9-8321-9281a140eaee	2026-04-29 00:02:30.093991+00	f	furia-next	Pipeline de talentos da FURIA Esports.	t	BR1	\N
bc20302f-806d-4c63-8dc5-c7f1d82a7f1e	\N	Flamengo Esports Academy	FLA	\N	6c4cb5c8-e8de-40d9-8321-9281a140eaee	2026-04-29 00:02:30.093991+00	f	flamengo-esports-academy	Equipe de base do Flamengo Esports.	t	BR1	\N
05ff676f-91e9-4a90-9a2f-b7fb75161d99	\N	RED Canids Ursos	RDU	\N	6c4cb5c8-e8de-40d9-8321-9281a140eaee	2026-04-29 00:02:30.093991+00	f	red-canids-ursos	Segunda equipe dos RED Canids.	t	BR1	\N
ced291fd-241a-4b3d-8d12-898006af5e52	\N	Vivo Keyd Stars	VKS	\N	6c4cb5c8-e8de-40d9-8321-9281a140eaee	2026-04-29 00:02:30.093991+00	f	vivo-keyd-stars	Equipe de talentos da Vivo Keyd.	t	BR1	\N
cde85f9e-fdef-4340-a396-8599f2e476fd	\N	Kabum! Rising	KBR	\N	6c4cb5c8-e8de-40d9-8321-9281a140eaee	2026-04-29 00:02:30.093991+00	f	kabum-rising	Revelações da Kabum! Esports.	t	BR1	\N
2319a202-3c47-4d96-a81f-4cb924ad723f	\N	INTZ Spartans	INS	\N	6c4cb5c8-e8de-40d9-8321-9281a140eaee	2026-04-29 00:02:30.093991+00	f	intz-spartans	Equipe aspirante da lendária INTZ.	t	BR1	\N
\.


--
-- TOC entry 4398 (class 0 OID 19865)
-- Dependencies: 411
-- Data for Name: active_team; Type: TABLE DATA; Schema: public; Owner: postgres
--

COPY public.active_team (profile_id, team_id, updated_at) FROM stdin;
6c4cb5c8-e8de-40d9-8321-9281a140eaee	2319a202-3c47-4d96-a81f-4cb924ad723f	2026-04-29 00:02:30.093991+00
\.


--
-- TOC entry 4392 (class 0 OID 18233)
-- Dependencies: 396
-- Data for Name: audit_log; Type: TABLE DATA; Schema: public; Owner: postgres
--

COPY public.audit_log (id, created_at, admin_id, action, table_name, record_id, old_data, new_data, ip_address, user_agent) FROM stdin;
1aab7c13-f241-4942-812c-07daae8fdf67	2026-04-29 00:03:59.306009+00	\N	INSERT	matches	30652620-b7e2-4b0e-8766-7e2a4fd7d45f	\N	{"id": "30652620-b7e2-4b0e-8766-7e2a4fd7d45f", "notes": null, "round": 1, "format": "BO3", "status": "FINISHED", "best_of": 3, "score_a": 2, "score_b": 0, "stage_id": "a2cd129d-4948-4de4-a261-c097799a9f2f", "played_at": "2026-03-02T00:03:59.306009+00:00", "team_a_id": "3692402c-acb2-40a4-93d8-27da7512bdad", "team_b_id": "2319a202-3c47-4d96-a81f-4cb924ad723f", "winner_id": "3692402c-acb2-40a4-93d8-27da7512bdad", "created_at": "2026-04-29T00:03:59.306009+00:00", "updated_at": "2026-04-29T00:03:59.306009+00:00", "finished_at": "2026-03-02T00:03:59.306009+00:00", "match_order": 1, "match_number": 1, "scheduled_at": "2026-03-02T00:03:59.306009+00:00", "match_id_riot": null, "riot_match_id": null, "tournament_id": "b97476e8-4411-46bc-ad6f-60a567207997"}	\N	\N
61155fe4-3da2-477d-a0f2-536ec90417c2	2026-04-29 00:03:59.306009+00	\N	INSERT	matches	0bbac735-6949-430d-8ed5-91dcef8606e9	\N	{"id": "0bbac735-6949-430d-8ed5-91dcef8606e9", "notes": null, "round": 1, "format": "BO3", "status": "FINISHED", "best_of": 3, "score_a": 2, "score_b": 1, "stage_id": "a2cd129d-4948-4de4-a261-c097799a9f2f", "played_at": "2026-03-02T00:03:59.306009+00:00", "team_a_id": "36c7a784-99a3-41a7-b55c-a3e9a75f1f3c", "team_b_id": "cde85f9e-fdef-4340-a396-8599f2e476fd", "winner_id": "36c7a784-99a3-41a7-b55c-a3e9a75f1f3c", "created_at": "2026-04-29T00:03:59.306009+00:00", "updated_at": "2026-04-29T00:03:59.306009+00:00", "finished_at": "2026-03-02T00:03:59.306009+00:00", "match_order": 2, "match_number": 2, "scheduled_at": "2026-03-02T00:03:59.306009+00:00", "match_id_riot": null, "riot_match_id": null, "tournament_id": "b97476e8-4411-46bc-ad6f-60a567207997"}	\N	\N
18eba10d-67f1-4154-83d2-37e77b8ec286	2026-04-29 00:03:59.306009+00	\N	INSERT	matches	f1ff7fd8-3191-4eee-b4bb-10d723ec6ebe	\N	{"id": "f1ff7fd8-3191-4eee-b4bb-10d723ec6ebe", "notes": null, "round": 1, "format": "BO3", "status": "FINISHED", "best_of": 3, "score_a": 2, "score_b": 0, "stage_id": "a2cd129d-4948-4de4-a261-c097799a9f2f", "played_at": "2026-03-03T00:03:59.306009+00:00", "team_a_id": "dcfd38cb-de46-49aa-a26a-fd4184d02e62", "team_b_id": "ced291fd-241a-4b3d-8d12-898006af5e52", "winner_id": "dcfd38cb-de46-49aa-a26a-fd4184d02e62", "created_at": "2026-04-29T00:03:59.306009+00:00", "updated_at": "2026-04-29T00:03:59.306009+00:00", "finished_at": "2026-03-03T00:03:59.306009+00:00", "match_order": 3, "match_number": 3, "scheduled_at": "2026-03-03T00:03:59.306009+00:00", "match_id_riot": null, "riot_match_id": null, "tournament_id": "b97476e8-4411-46bc-ad6f-60a567207997"}	\N	\N
74cd5d7a-5343-4b17-b830-8bd129234bd6	2026-04-29 00:03:59.306009+00	\N	INSERT	matches	68f8aa1d-57ac-4f36-ab98-ee9f9926f020	\N	{"id": "68f8aa1d-57ac-4f36-ab98-ee9f9926f020", "notes": null, "round": 1, "format": "BO3", "status": "FINISHED", "best_of": 3, "score_a": 1, "score_b": 2, "stage_id": "a2cd129d-4948-4de4-a261-c097799a9f2f", "played_at": "2026-03-03T00:03:59.306009+00:00", "team_a_id": "bc20302f-806d-4c63-8dc5-c7f1d82a7f1e", "team_b_id": "05ff676f-91e9-4a90-9a2f-b7fb75161d99", "winner_id": "05ff676f-91e9-4a90-9a2f-b7fb75161d99", "created_at": "2026-04-29T00:03:59.306009+00:00", "updated_at": "2026-04-29T00:03:59.306009+00:00", "finished_at": "2026-03-03T00:03:59.306009+00:00", "match_order": 4, "match_number": 4, "scheduled_at": "2026-03-03T00:03:59.306009+00:00", "match_id_riot": null, "riot_match_id": null, "tournament_id": "b97476e8-4411-46bc-ad6f-60a567207997"}	\N	\N
911d1255-6389-40b5-bc68-c4568f464fc8	2026-04-29 00:03:59.306009+00	\N	INSERT	matches	c3bcfc63-e4f7-4f03-b06b-bcbe52017b1e	\N	{"id": "c3bcfc63-e4f7-4f03-b06b-bcbe52017b1e", "notes": null, "round": 2, "format": "BO3", "status": "FINISHED", "best_of": 3, "score_a": 1, "score_b": 2, "stage_id": "d4f0d42a-aea2-4a84-9dfa-31347e02cf62", "played_at": "2026-03-15T00:03:59.306009+00:00", "team_a_id": "3692402c-acb2-40a4-93d8-27da7512bdad", "team_b_id": "36c7a784-99a3-41a7-b55c-a3e9a75f1f3c", "winner_id": "36c7a784-99a3-41a7-b55c-a3e9a75f1f3c", "created_at": "2026-04-29T00:03:59.306009+00:00", "updated_at": "2026-04-29T00:03:59.306009+00:00", "finished_at": "2026-03-15T00:03:59.306009+00:00", "match_order": 1, "match_number": 5, "scheduled_at": "2026-03-15T00:03:59.306009+00:00", "match_id_riot": null, "riot_match_id": null, "tournament_id": "b97476e8-4411-46bc-ad6f-60a567207997"}	\N	\N
f4d636e2-58e7-4260-86d8-98cc873ccf4c	2026-04-29 00:03:59.306009+00	\N	INSERT	matches	a5a41f36-ece8-4f83-8433-b4183dd89ea9	\N	{"id": "a5a41f36-ece8-4f83-8433-b4183dd89ea9", "notes": null, "round": 2, "format": "BO3", "status": "FINISHED", "best_of": 3, "score_a": 2, "score_b": 1, "stage_id": "d4f0d42a-aea2-4a84-9dfa-31347e02cf62", "played_at": "2026-03-15T00:03:59.306009+00:00", "team_a_id": "dcfd38cb-de46-49aa-a26a-fd4184d02e62", "team_b_id": "05ff676f-91e9-4a90-9a2f-b7fb75161d99", "winner_id": "dcfd38cb-de46-49aa-a26a-fd4184d02e62", "created_at": "2026-04-29T00:03:59.306009+00:00", "updated_at": "2026-04-29T00:03:59.306009+00:00", "finished_at": "2026-03-15T00:03:59.306009+00:00", "match_order": 2, "match_number": 6, "scheduled_at": "2026-03-15T00:03:59.306009+00:00", "match_id_riot": null, "riot_match_id": null, "tournament_id": "b97476e8-4411-46bc-ad6f-60a567207997"}	\N	\N
0e843838-7142-4962-b464-77d1c1773f41	2026-04-29 00:03:59.306009+00	\N	INSERT	matches	35bb74da-45bc-4a03-857f-c1b0aa6f0bf3	\N	{"id": "35bb74da-45bc-4a03-857f-c1b0aa6f0bf3", "notes": null, "round": 3, "format": "BO5", "status": "FINISHED", "best_of": 5, "score_a": 3, "score_b": 1, "stage_id": "7f48c82a-2ec7-4d20-b04f-7186d978f3f2", "played_at": "2026-03-28T00:03:59.306009+00:00", "team_a_id": "36c7a784-99a3-41a7-b55c-a3e9a75f1f3c", "team_b_id": "dcfd38cb-de46-49aa-a26a-fd4184d02e62", "winner_id": "36c7a784-99a3-41a7-b55c-a3e9a75f1f3c", "created_at": "2026-04-29T00:03:59.306009+00:00", "updated_at": "2026-04-29T00:03:59.306009+00:00", "finished_at": "2026-03-28T00:03:59.306009+00:00", "match_order": 1, "match_number": 7, "scheduled_at": "2026-03-28T00:03:59.306009+00:00", "match_id_riot": null, "riot_match_id": null, "tournament_id": "b97476e8-4411-46bc-ad6f-60a567207997"}	\N	\N
fa14d466-0160-4e85-96cf-cd7b7b2d124d	2026-04-29 00:03:59.306009+00	\N	INSERT	matches	7f393a91-8825-4030-a60c-546fdb07e392	\N	{"id": "7f393a91-8825-4030-a60c-546fdb07e392", "notes": null, "round": 1, "format": "BO1", "status": "FINISHED", "best_of": 1, "score_a": 1, "score_b": 0, "stage_id": "7bbec794-d35b-4007-9031-67b4a9206624", "played_at": "2026-04-16T00:03:59.306009+00:00", "team_a_id": "3692402c-acb2-40a4-93d8-27da7512bdad", "team_b_id": "36c7a784-99a3-41a7-b55c-a3e9a75f1f3c", "winner_id": "3692402c-acb2-40a4-93d8-27da7512bdad", "created_at": "2026-04-29T00:03:59.306009+00:00", "updated_at": "2026-04-29T00:03:59.306009+00:00", "finished_at": "2026-04-16T00:03:59.306009+00:00", "match_order": 1, "match_number": 1, "scheduled_at": "2026-04-16T00:03:59.306009+00:00", "match_id_riot": null, "riot_match_id": null, "tournament_id": "9dda094c-b93d-40c8-a40d-50f682136d3e"}	\N	\N
1c57aad6-f49a-4d01-a044-4466479e7104	2026-04-29 00:03:59.306009+00	\N	INSERT	matches	00a581ea-3140-4925-8dc5-f5106f65ad50	\N	{"id": "00a581ea-3140-4925-8dc5-f5106f65ad50", "notes": null, "round": 1, "format": "BO1", "status": "FINISHED", "best_of": 1, "score_a": 1, "score_b": 0, "stage_id": "7bbec794-d35b-4007-9031-67b4a9206624", "played_at": "2026-04-16T00:03:59.306009+00:00", "team_a_id": "dcfd38cb-de46-49aa-a26a-fd4184d02e62", "team_b_id": "bc20302f-806d-4c63-8dc5-c7f1d82a7f1e", "winner_id": "dcfd38cb-de46-49aa-a26a-fd4184d02e62", "created_at": "2026-04-29T00:03:59.306009+00:00", "updated_at": "2026-04-29T00:03:59.306009+00:00", "finished_at": "2026-04-16T00:03:59.306009+00:00", "match_order": 2, "match_number": 2, "scheduled_at": "2026-04-16T00:03:59.306009+00:00", "match_id_riot": null, "riot_match_id": null, "tournament_id": "9dda094c-b93d-40c8-a40d-50f682136d3e"}	\N	\N
60b92f9f-9df7-4932-b59c-78b65c98547b	2026-04-29 00:03:59.306009+00	\N	INSERT	matches	1ba256d9-8cdb-4de2-bc66-2abd19a6c9c7	\N	{"id": "1ba256d9-8cdb-4de2-bc66-2abd19a6c9c7", "notes": null, "round": 1, "format": "BO1", "status": "FINISHED", "best_of": 1, "score_a": 0, "score_b": 1, "stage_id": "7bbec794-d35b-4007-9031-67b4a9206624", "played_at": "2026-04-17T00:03:59.306009+00:00", "team_a_id": "05ff676f-91e9-4a90-9a2f-b7fb75161d99", "team_b_id": "ced291fd-241a-4b3d-8d12-898006af5e52", "winner_id": "ced291fd-241a-4b3d-8d12-898006af5e52", "created_at": "2026-04-29T00:03:59.306009+00:00", "updated_at": "2026-04-29T00:03:59.306009+00:00", "finished_at": "2026-04-17T00:03:59.306009+00:00", "match_order": 3, "match_number": 3, "scheduled_at": "2026-04-17T00:03:59.306009+00:00", "match_id_riot": null, "riot_match_id": null, "tournament_id": "9dda094c-b93d-40c8-a40d-50f682136d3e"}	\N	\N
d6925ec5-9d84-4e3a-a1b9-becba4a8551c	2026-04-29 00:03:59.306009+00	\N	INSERT	matches	06c1c719-caa6-439d-92cc-db798d6f4245	\N	{"id": "06c1c719-caa6-439d-92cc-db798d6f4245", "notes": null, "round": 2, "format": "BO1", "status": "FINISHED", "best_of": 1, "score_a": 0, "score_b": 1, "stage_id": "7bbec794-d35b-4007-9031-67b4a9206624", "played_at": "2026-04-23T00:03:59.306009+00:00", "team_a_id": "36c7a784-99a3-41a7-b55c-a3e9a75f1f3c", "team_b_id": "dcfd38cb-de46-49aa-a26a-fd4184d02e62", "winner_id": "dcfd38cb-de46-49aa-a26a-fd4184d02e62", "created_at": "2026-04-29T00:03:59.306009+00:00", "updated_at": "2026-04-29T00:03:59.306009+00:00", "finished_at": "2026-04-23T00:03:59.306009+00:00", "match_order": 1, "match_number": 4, "scheduled_at": "2026-04-23T00:03:59.306009+00:00", "match_id_riot": null, "riot_match_id": null, "tournament_id": "9dda094c-b93d-40c8-a40d-50f682136d3e"}	\N	\N
810434e0-6bd1-48b5-836f-3015c7c9185d	2026-04-29 00:03:59.306009+00	\N	INSERT	matches	4c169d84-5636-4ba2-be9b-7ef26328ba44	\N	{"id": "4c169d84-5636-4ba2-be9b-7ef26328ba44", "notes": null, "round": 2, "format": "BO1", "status": "SCHEDULED", "best_of": 1, "score_a": null, "score_b": null, "stage_id": "7bbec794-d35b-4007-9031-67b4a9206624", "played_at": null, "team_a_id": "3692402c-acb2-40a4-93d8-27da7512bdad", "team_b_id": "ced291fd-241a-4b3d-8d12-898006af5e52", "winner_id": null, "created_at": "2026-04-29T00:03:59.306009+00:00", "updated_at": "2026-04-29T00:03:59.306009+00:00", "finished_at": null, "match_order": 2, "match_number": 5, "scheduled_at": "2026-05-02T00:03:59.306009+00:00", "match_id_riot": null, "riot_match_id": null, "tournament_id": "9dda094c-b93d-40c8-a40d-50f682136d3e"}	\N	\N
dce55151-dfd0-40a8-9892-adcd16461395	2026-04-29 00:03:59.306009+00	\N	INSERT	matches	c57d3d67-7f90-4d9f-8024-f27f39d6e65f	\N	{"id": "c57d3d67-7f90-4d9f-8024-f27f39d6e65f", "notes": null, "round": 2, "format": "BO1", "status": "SCHEDULED", "best_of": 1, "score_a": null, "score_b": null, "stage_id": "7bbec794-d35b-4007-9031-67b4a9206624", "played_at": null, "team_a_id": "bc20302f-806d-4c63-8dc5-c7f1d82a7f1e", "team_b_id": "05ff676f-91e9-4a90-9a2f-b7fb75161d99", "winner_id": null, "created_at": "2026-04-29T00:03:59.306009+00:00", "updated_at": "2026-04-29T00:03:59.306009+00:00", "finished_at": null, "match_order": 3, "match_number": 6, "scheduled_at": "2026-05-02T00:03:59.306009+00:00", "match_id_riot": null, "riot_match_id": null, "tournament_id": "9dda094c-b93d-40c8-a40d-50f682136d3e"}	\N	\N
e450055c-0283-4e55-a53e-a983e0aedfcb	2026-04-29 00:03:59.306009+00	\N	INSERT	matches	914474b5-f48f-46cb-98bb-715abf93b681	\N	{"id": "914474b5-f48f-46cb-98bb-715abf93b681", "notes": null, "round": 1, "format": "BO1", "status": "SCHEDULED", "best_of": 1, "score_a": null, "score_b": null, "stage_id": "a07c108d-22ea-4b69-a557-f0b6c47e7eb2", "played_at": null, "team_a_id": "cde85f9e-fdef-4340-a396-8599f2e476fd", "team_b_id": "2319a202-3c47-4d96-a81f-4cb924ad723f", "winner_id": null, "created_at": "2026-04-29T00:03:59.306009+00:00", "updated_at": "2026-04-29T00:03:59.306009+00:00", "finished_at": null, "match_order": 1, "match_number": 1, "scheduled_at": "2026-05-06T00:03:59.306009+00:00", "match_id_riot": null, "riot_match_id": null, "tournament_id": "861f5900-c4f8-441f-a3e9-9eb0a54788f5"}	\N	\N
1348081c-7bf6-4363-9e37-e08200129090	2026-04-29 00:03:59.306009+00	\N	INSERT	matches	3a204b4c-957b-4b0c-8add-c6fa9e99e1b9	\N	{"id": "3a204b4c-957b-4b0c-8add-c6fa9e99e1b9", "notes": null, "round": 1, "format": "BO1", "status": "SCHEDULED", "best_of": 1, "score_a": null, "score_b": null, "stage_id": "a07c108d-22ea-4b69-a557-f0b6c47e7eb2", "played_at": null, "team_a_id": "3692402c-acb2-40a4-93d8-27da7512bdad", "team_b_id": "36c7a784-99a3-41a7-b55c-a3e9a75f1f3c", "winner_id": null, "created_at": "2026-04-29T00:03:59.306009+00:00", "updated_at": "2026-04-29T00:03:59.306009+00:00", "finished_at": null, "match_order": 2, "match_number": 2, "scheduled_at": "2026-05-06T00:03:59.306009+00:00", "match_id_riot": null, "riot_match_id": null, "tournament_id": "861f5900-c4f8-441f-a3e9-9eb0a54788f5"}	\N	\N
5fe38a0d-c887-41f5-b63b-ae5ec0ab2a6d	2026-04-29 00:03:59.306009+00	\N	INSERT	matches	c52f07f7-ca0c-4923-bf14-8e3d9114572d	\N	{"id": "c52f07f7-ca0c-4923-bf14-8e3d9114572d", "notes": null, "round": 2, "format": "BO1", "status": "SCHEDULED", "best_of": 1, "score_a": null, "score_b": null, "stage_id": "a07c108d-22ea-4b69-a557-f0b6c47e7eb2", "played_at": null, "team_a_id": null, "team_b_id": null, "winner_id": null, "created_at": "2026-04-29T00:03:59.306009+00:00", "updated_at": "2026-04-29T00:03:59.306009+00:00", "finished_at": null, "match_order": 1, "match_number": 3, "scheduled_at": "2026-05-06T04:03:59.306009+00:00", "match_id_riot": null, "riot_match_id": null, "tournament_id": "861f5900-c4f8-441f-a3e9-9eb0a54788f5"}	\N	\N
a223b93f-ff86-4efc-b26d-12c106fc365b	2026-04-29 00:03:59.306009+00	\N	INSERT	matches	9915a8a7-b10b-4e43-9ebc-8218b58f1b3d	\N	{"id": "9915a8a7-b10b-4e43-9ebc-8218b58f1b3d", "notes": null, "round": 1, "format": "BO1", "status": "FINISHED", "best_of": 1, "score_a": 0, "score_b": 1, "stage_id": "a3ce0670-a2f7-4cd7-bbc9-e60a3d59f91f", "played_at": "2026-01-31T00:03:59.306009+00:00", "team_a_id": "3692402c-acb2-40a4-93d8-27da7512bdad", "team_b_id": "36c7a784-99a3-41a7-b55c-a3e9a75f1f3c", "winner_id": "36c7a784-99a3-41a7-b55c-a3e9a75f1f3c", "created_at": "2026-04-29T00:03:59.306009+00:00", "updated_at": "2026-04-29T00:03:59.306009+00:00", "finished_at": "2026-01-31T00:03:59.306009+00:00", "match_order": 1, "match_number": 1, "scheduled_at": "2026-01-31T00:03:59.306009+00:00", "match_id_riot": null, "riot_match_id": null, "tournament_id": "f8b674be-91d9-41a8-a706-e8f5e5f4c8c7"}	\N	\N
b511aaba-7c64-4a14-bb68-f21e5d0a2a5a	2026-04-29 00:03:59.306009+00	\N	INSERT	matches	f1fa2423-d0d2-4b1a-b39c-a342f824170f	\N	{"id": "f1fa2423-d0d2-4b1a-b39c-a342f824170f", "notes": null, "round": 1, "format": "BO1", "status": "FINISHED", "best_of": 1, "score_a": 1, "score_b": 0, "stage_id": "a3ce0670-a2f7-4cd7-bbc9-e60a3d59f91f", "played_at": "2026-01-31T00:03:59.306009+00:00", "team_a_id": "dcfd38cb-de46-49aa-a26a-fd4184d02e62", "team_b_id": "bc20302f-806d-4c63-8dc5-c7f1d82a7f1e", "winner_id": "dcfd38cb-de46-49aa-a26a-fd4184d02e62", "created_at": "2026-04-29T00:03:59.306009+00:00", "updated_at": "2026-04-29T00:03:59.306009+00:00", "finished_at": "2026-01-31T00:03:59.306009+00:00", "match_order": 2, "match_number": 2, "scheduled_at": "2026-01-31T00:03:59.306009+00:00", "match_id_riot": null, "riot_match_id": null, "tournament_id": "f8b674be-91d9-41a8-a706-e8f5e5f4c8c7"}	\N	\N
e1e274dd-0c08-4ba4-8c14-3367e3c32a8f	2026-04-29 00:03:59.306009+00	\N	INSERT	matches	4d392ea7-4d07-481d-a82e-b211a4f48130	\N	{"id": "4d392ea7-4d07-481d-a82e-b211a4f48130", "notes": null, "round": 2, "format": "BO1", "status": "FINISHED", "best_of": 1, "score_a": 1, "score_b": 0, "stage_id": "a3ce0670-a2f7-4cd7-bbc9-e60a3d59f91f", "played_at": "2026-02-03T00:03:59.306009+00:00", "team_a_id": "3692402c-acb2-40a4-93d8-27da7512bdad", "team_b_id": "dcfd38cb-de46-49aa-a26a-fd4184d02e62", "winner_id": "3692402c-acb2-40a4-93d8-27da7512bdad", "created_at": "2026-04-29T00:03:59.306009+00:00", "updated_at": "2026-04-29T00:03:59.306009+00:00", "finished_at": "2026-02-03T00:03:59.306009+00:00", "match_order": 1, "match_number": 3, "scheduled_at": "2026-02-03T00:03:59.306009+00:00", "match_id_riot": null, "riot_match_id": null, "tournament_id": "f8b674be-91d9-41a8-a706-e8f5e5f4c8c7"}	\N	\N
d5f782aa-5884-443c-a389-85a3659ccaea	2026-04-29 00:03:59.306009+00	\N	INSERT	matches	66dca452-32f7-401d-a5d8-483c4a063fd0	\N	{"id": "66dca452-32f7-401d-a5d8-483c4a063fd0", "notes": null, "round": 2, "format": "BO1", "status": "FINISHED", "best_of": 1, "score_a": 1, "score_b": 0, "stage_id": "a3ce0670-a2f7-4cd7-bbc9-e60a3d59f91f", "played_at": "2026-02-03T00:03:59.306009+00:00", "team_a_id": "36c7a784-99a3-41a7-b55c-a3e9a75f1f3c", "team_b_id": "bc20302f-806d-4c63-8dc5-c7f1d82a7f1e", "winner_id": "36c7a784-99a3-41a7-b55c-a3e9a75f1f3c", "created_at": "2026-04-29T00:03:59.306009+00:00", "updated_at": "2026-04-29T00:03:59.306009+00:00", "finished_at": "2026-02-03T00:03:59.306009+00:00", "match_order": 2, "match_number": 4, "scheduled_at": "2026-02-03T00:03:59.306009+00:00", "match_id_riot": null, "riot_match_id": null, "tournament_id": "f8b674be-91d9-41a8-a706-e8f5e5f4c8c7"}	\N	\N
f78de401-5145-44f8-bbd2-d20b0a439206	2026-04-29 00:03:59.306009+00	\N	INSERT	matches	3f308efa-e8f8-4c6d-bc08-7850c4fd45da	\N	{"id": "3f308efa-e8f8-4c6d-bc08-7850c4fd45da", "notes": null, "round": 3, "format": "BO1", "status": "FINISHED", "best_of": 1, "score_a": 1, "score_b": 0, "stage_id": "a3ce0670-a2f7-4cd7-bbc9-e60a3d59f91f", "played_at": "2026-02-06T00:03:59.306009+00:00", "team_a_id": "3692402c-acb2-40a4-93d8-27da7512bdad", "team_b_id": "bc20302f-806d-4c63-8dc5-c7f1d82a7f1e", "winner_id": "3692402c-acb2-40a4-93d8-27da7512bdad", "created_at": "2026-04-29T00:03:59.306009+00:00", "updated_at": "2026-04-29T00:03:59.306009+00:00", "finished_at": "2026-02-06T00:03:59.306009+00:00", "match_order": 1, "match_number": 5, "scheduled_at": "2026-02-06T00:03:59.306009+00:00", "match_id_riot": null, "riot_match_id": null, "tournament_id": "f8b674be-91d9-41a8-a706-e8f5e5f4c8c7"}	\N	\N
6e96d32e-458d-479c-b199-d57c901f4e96	2026-04-29 00:03:59.306009+00	\N	INSERT	matches	e7dfe046-a1aa-40c1-b8a4-c40a5f82fa30	\N	{"id": "e7dfe046-a1aa-40c1-b8a4-c40a5f82fa30", "notes": null, "round": 3, "format": "BO1", "status": "FINISHED", "best_of": 1, "score_a": 1, "score_b": 0, "stage_id": "a3ce0670-a2f7-4cd7-bbc9-e60a3d59f91f", "played_at": "2026-02-06T00:03:59.306009+00:00", "team_a_id": "36c7a784-99a3-41a7-b55c-a3e9a75f1f3c", "team_b_id": "dcfd38cb-de46-49aa-a26a-fd4184d02e62", "winner_id": "36c7a784-99a3-41a7-b55c-a3e9a75f1f3c", "created_at": "2026-04-29T00:03:59.306009+00:00", "updated_at": "2026-04-29T00:03:59.306009+00:00", "finished_at": "2026-02-06T00:03:59.306009+00:00", "match_order": 2, "match_number": 6, "scheduled_at": "2026-02-06T00:03:59.306009+00:00", "match_id_riot": null, "riot_match_id": null, "tournament_id": "f8b674be-91d9-41a8-a706-e8f5e5f4c8c7"}	\N	\N
9d63f3b8-2ab5-4eb0-8792-edc5ab10162c	2026-05-03 12:32:25.167956+00	\N	UPDATE	matches	30652620-b7e2-4b0e-8766-7e2a4fd7d45f	{"id": "30652620-b7e2-4b0e-8766-7e2a4fd7d45f", "notes": null, "round": 1, "format": "BO3", "status": "FINISHED", "best_of": 3, "score_a": 2, "score_b": 0, "stage_id": "a2cd129d-4948-4de4-a261-c097799a9f2f", "played_at": "2026-03-02T00:03:59.306009+00:00", "team_a_id": "3692402c-acb2-40a4-93d8-27da7512bdad", "team_b_id": "2319a202-3c47-4d96-a81f-4cb924ad723f", "winner_id": "3692402c-acb2-40a4-93d8-27da7512bdad", "created_at": "2026-04-29T00:03:59.306009+00:00", "updated_at": "2026-04-29T00:03:59.306009+00:00", "finished_at": "2026-03-02T00:03:59.306009+00:00", "match_order": 1, "match_number": 1, "scheduled_at": "2026-03-02T00:03:59.306009+00:00", "match_id_riot": null, "riot_match_id": null, "tournament_id": "b97476e8-4411-46bc-ad6f-60a567207997", "tournament_code": null}	{"id": "30652620-b7e2-4b0e-8766-7e2a4fd7d45f", "notes": null, "round": 1, "format": "BO3", "status": "FINISHED", "best_of": 3, "score_a": 2, "score_b": 0, "stage_id": "a2cd129d-4948-4de4-a261-c097799a9f2f", "played_at": "2026-03-02T00:03:59.306009+00:00", "team_a_id": "3692402c-acb2-40a4-93d8-27da7512bdad", "team_b_id": "2319a202-3c47-4d96-a81f-4cb924ad723f", "winner_id": "3692402c-acb2-40a4-93d8-27da7512bdad", "created_at": "2026-04-29T00:03:59.306009+00:00", "updated_at": "2026-05-03T12:32:25.167956+00:00", "finished_at": "2026-03-02T00:03:59.306009+00:00", "match_order": 1, "match_number": 1, "scheduled_at": "2026-03-02T00:03:59.306009+00:00", "match_id_riot": null, "riot_match_id": null, "tournament_id": "b97476e8-4411-46bc-ad6f-60a567207997", "tournament_code": "copa-br-academias-s1"}	\N	\N
8b75b0e5-ca75-477e-a58c-6730dd90000d	2026-05-03 12:32:25.167956+00	\N	UPDATE	matches	914474b5-f48f-46cb-98bb-715abf93b681	{"id": "914474b5-f48f-46cb-98bb-715abf93b681", "notes": null, "round": 1, "format": "BO1", "status": "SCHEDULED", "best_of": 1, "score_a": null, "score_b": null, "stage_id": "a07c108d-22ea-4b69-a557-f0b6c47e7eb2", "played_at": null, "team_a_id": "cde85f9e-fdef-4340-a396-8599f2e476fd", "team_b_id": "2319a202-3c47-4d96-a81f-4cb924ad723f", "winner_id": null, "created_at": "2026-04-29T00:03:59.306009+00:00", "updated_at": "2026-04-29T00:03:59.306009+00:00", "finished_at": null, "match_order": 1, "match_number": 1, "scheduled_at": "2026-05-06T00:03:59.306009+00:00", "match_id_riot": null, "riot_match_id": null, "tournament_id": "861f5900-c4f8-441f-a3e9-9eb0a54788f5", "tournament_code": null}	{"id": "914474b5-f48f-46cb-98bb-715abf93b681", "notes": null, "round": 1, "format": "BO1", "status": "SCHEDULED", "best_of": 1, "score_a": null, "score_b": null, "stage_id": "a07c108d-22ea-4b69-a557-f0b6c47e7eb2", "played_at": null, "team_a_id": "cde85f9e-fdef-4340-a396-8599f2e476fd", "team_b_id": "2319a202-3c47-4d96-a81f-4cb924ad723f", "winner_id": null, "created_at": "2026-04-29T00:03:59.306009+00:00", "updated_at": "2026-05-03T12:32:25.167956+00:00", "finished_at": null, "match_order": 1, "match_number": 1, "scheduled_at": "2026-05-06T00:03:59.306009+00:00", "match_id_riot": null, "riot_match_id": null, "tournament_id": "861f5900-c4f8-441f-a3e9-9eb0a54788f5", "tournament_code": "torneio-relampago-12"}	\N	\N
a6b81c27-a8f7-4100-9041-124c7a3d8286	2026-05-03 12:32:25.167956+00	\N	UPDATE	matches	0bbac735-6949-430d-8ed5-91dcef8606e9	{"id": "0bbac735-6949-430d-8ed5-91dcef8606e9", "notes": null, "round": 1, "format": "BO3", "status": "FINISHED", "best_of": 3, "score_a": 2, "score_b": 1, "stage_id": "a2cd129d-4948-4de4-a261-c097799a9f2f", "played_at": "2026-03-02T00:03:59.306009+00:00", "team_a_id": "36c7a784-99a3-41a7-b55c-a3e9a75f1f3c", "team_b_id": "cde85f9e-fdef-4340-a396-8599f2e476fd", "winner_id": "36c7a784-99a3-41a7-b55c-a3e9a75f1f3c", "created_at": "2026-04-29T00:03:59.306009+00:00", "updated_at": "2026-04-29T00:03:59.306009+00:00", "finished_at": "2026-03-02T00:03:59.306009+00:00", "match_order": 2, "match_number": 2, "scheduled_at": "2026-03-02T00:03:59.306009+00:00", "match_id_riot": null, "riot_match_id": null, "tournament_id": "b97476e8-4411-46bc-ad6f-60a567207997", "tournament_code": null}	{"id": "0bbac735-6949-430d-8ed5-91dcef8606e9", "notes": null, "round": 1, "format": "BO3", "status": "FINISHED", "best_of": 3, "score_a": 2, "score_b": 1, "stage_id": "a2cd129d-4948-4de4-a261-c097799a9f2f", "played_at": "2026-03-02T00:03:59.306009+00:00", "team_a_id": "36c7a784-99a3-41a7-b55c-a3e9a75f1f3c", "team_b_id": "cde85f9e-fdef-4340-a396-8599f2e476fd", "winner_id": "36c7a784-99a3-41a7-b55c-a3e9a75f1f3c", "created_at": "2026-04-29T00:03:59.306009+00:00", "updated_at": "2026-05-03T12:32:25.167956+00:00", "finished_at": "2026-03-02T00:03:59.306009+00:00", "match_order": 2, "match_number": 2, "scheduled_at": "2026-03-02T00:03:59.306009+00:00", "match_id_riot": null, "riot_match_id": null, "tournament_id": "b97476e8-4411-46bc-ad6f-60a567207997", "tournament_code": "copa-br-academias-s1"}	\N	\N
b8fe5a72-d9a0-4a6a-8a71-fea2e4d78199	2026-05-03 12:32:25.167956+00	\N	UPDATE	matches	f1ff7fd8-3191-4eee-b4bb-10d723ec6ebe	{"id": "f1ff7fd8-3191-4eee-b4bb-10d723ec6ebe", "notes": null, "round": 1, "format": "BO3", "status": "FINISHED", "best_of": 3, "score_a": 2, "score_b": 0, "stage_id": "a2cd129d-4948-4de4-a261-c097799a9f2f", "played_at": "2026-03-03T00:03:59.306009+00:00", "team_a_id": "dcfd38cb-de46-49aa-a26a-fd4184d02e62", "team_b_id": "ced291fd-241a-4b3d-8d12-898006af5e52", "winner_id": "dcfd38cb-de46-49aa-a26a-fd4184d02e62", "created_at": "2026-04-29T00:03:59.306009+00:00", "updated_at": "2026-04-29T00:03:59.306009+00:00", "finished_at": "2026-03-03T00:03:59.306009+00:00", "match_order": 3, "match_number": 3, "scheduled_at": "2026-03-03T00:03:59.306009+00:00", "match_id_riot": null, "riot_match_id": null, "tournament_id": "b97476e8-4411-46bc-ad6f-60a567207997", "tournament_code": null}	{"id": "f1ff7fd8-3191-4eee-b4bb-10d723ec6ebe", "notes": null, "round": 1, "format": "BO3", "status": "FINISHED", "best_of": 3, "score_a": 2, "score_b": 0, "stage_id": "a2cd129d-4948-4de4-a261-c097799a9f2f", "played_at": "2026-03-03T00:03:59.306009+00:00", "team_a_id": "dcfd38cb-de46-49aa-a26a-fd4184d02e62", "team_b_id": "ced291fd-241a-4b3d-8d12-898006af5e52", "winner_id": "dcfd38cb-de46-49aa-a26a-fd4184d02e62", "created_at": "2026-04-29T00:03:59.306009+00:00", "updated_at": "2026-05-03T12:32:25.167956+00:00", "finished_at": "2026-03-03T00:03:59.306009+00:00", "match_order": 3, "match_number": 3, "scheduled_at": "2026-03-03T00:03:59.306009+00:00", "match_id_riot": null, "riot_match_id": null, "tournament_id": "b97476e8-4411-46bc-ad6f-60a567207997", "tournament_code": "copa-br-academias-s1"}	\N	\N
7ccbb1f7-4a71-441d-a523-d3f4b31a087d	2026-05-03 12:32:25.167956+00	\N	UPDATE	matches	68f8aa1d-57ac-4f36-ab98-ee9f9926f020	{"id": "68f8aa1d-57ac-4f36-ab98-ee9f9926f020", "notes": null, "round": 1, "format": "BO3", "status": "FINISHED", "best_of": 3, "score_a": 1, "score_b": 2, "stage_id": "a2cd129d-4948-4de4-a261-c097799a9f2f", "played_at": "2026-03-03T00:03:59.306009+00:00", "team_a_id": "bc20302f-806d-4c63-8dc5-c7f1d82a7f1e", "team_b_id": "05ff676f-91e9-4a90-9a2f-b7fb75161d99", "winner_id": "05ff676f-91e9-4a90-9a2f-b7fb75161d99", "created_at": "2026-04-29T00:03:59.306009+00:00", "updated_at": "2026-04-29T00:03:59.306009+00:00", "finished_at": "2026-03-03T00:03:59.306009+00:00", "match_order": 4, "match_number": 4, "scheduled_at": "2026-03-03T00:03:59.306009+00:00", "match_id_riot": null, "riot_match_id": null, "tournament_id": "b97476e8-4411-46bc-ad6f-60a567207997", "tournament_code": null}	{"id": "68f8aa1d-57ac-4f36-ab98-ee9f9926f020", "notes": null, "round": 1, "format": "BO3", "status": "FINISHED", "best_of": 3, "score_a": 1, "score_b": 2, "stage_id": "a2cd129d-4948-4de4-a261-c097799a9f2f", "played_at": "2026-03-03T00:03:59.306009+00:00", "team_a_id": "bc20302f-806d-4c63-8dc5-c7f1d82a7f1e", "team_b_id": "05ff676f-91e9-4a90-9a2f-b7fb75161d99", "winner_id": "05ff676f-91e9-4a90-9a2f-b7fb75161d99", "created_at": "2026-04-29T00:03:59.306009+00:00", "updated_at": "2026-05-03T12:32:25.167956+00:00", "finished_at": "2026-03-03T00:03:59.306009+00:00", "match_order": 4, "match_number": 4, "scheduled_at": "2026-03-03T00:03:59.306009+00:00", "match_id_riot": null, "riot_match_id": null, "tournament_id": "b97476e8-4411-46bc-ad6f-60a567207997", "tournament_code": "copa-br-academias-s1"}	\N	\N
a58886f6-a1de-40a9-b7ee-188213d68045	2026-05-03 12:32:25.167956+00	\N	UPDATE	matches	c3bcfc63-e4f7-4f03-b06b-bcbe52017b1e	{"id": "c3bcfc63-e4f7-4f03-b06b-bcbe52017b1e", "notes": null, "round": 2, "format": "BO3", "status": "FINISHED", "best_of": 3, "score_a": 1, "score_b": 2, "stage_id": "d4f0d42a-aea2-4a84-9dfa-31347e02cf62", "played_at": "2026-03-15T00:03:59.306009+00:00", "team_a_id": "3692402c-acb2-40a4-93d8-27da7512bdad", "team_b_id": "36c7a784-99a3-41a7-b55c-a3e9a75f1f3c", "winner_id": "36c7a784-99a3-41a7-b55c-a3e9a75f1f3c", "created_at": "2026-04-29T00:03:59.306009+00:00", "updated_at": "2026-04-29T00:03:59.306009+00:00", "finished_at": "2026-03-15T00:03:59.306009+00:00", "match_order": 1, "match_number": 5, "scheduled_at": "2026-03-15T00:03:59.306009+00:00", "match_id_riot": null, "riot_match_id": null, "tournament_id": "b97476e8-4411-46bc-ad6f-60a567207997", "tournament_code": null}	{"id": "c3bcfc63-e4f7-4f03-b06b-bcbe52017b1e", "notes": null, "round": 2, "format": "BO3", "status": "FINISHED", "best_of": 3, "score_a": 1, "score_b": 2, "stage_id": "d4f0d42a-aea2-4a84-9dfa-31347e02cf62", "played_at": "2026-03-15T00:03:59.306009+00:00", "team_a_id": "3692402c-acb2-40a4-93d8-27da7512bdad", "team_b_id": "36c7a784-99a3-41a7-b55c-a3e9a75f1f3c", "winner_id": "36c7a784-99a3-41a7-b55c-a3e9a75f1f3c", "created_at": "2026-04-29T00:03:59.306009+00:00", "updated_at": "2026-05-03T12:32:25.167956+00:00", "finished_at": "2026-03-15T00:03:59.306009+00:00", "match_order": 1, "match_number": 5, "scheduled_at": "2026-03-15T00:03:59.306009+00:00", "match_id_riot": null, "riot_match_id": null, "tournament_id": "b97476e8-4411-46bc-ad6f-60a567207997", "tournament_code": "copa-br-academias-s1"}	\N	\N
236e9a82-1cb9-42f5-96d8-9c78915a2be5	2026-05-03 12:32:25.167956+00	\N	UPDATE	matches	a5a41f36-ece8-4f83-8433-b4183dd89ea9	{"id": "a5a41f36-ece8-4f83-8433-b4183dd89ea9", "notes": null, "round": 2, "format": "BO3", "status": "FINISHED", "best_of": 3, "score_a": 2, "score_b": 1, "stage_id": "d4f0d42a-aea2-4a84-9dfa-31347e02cf62", "played_at": "2026-03-15T00:03:59.306009+00:00", "team_a_id": "dcfd38cb-de46-49aa-a26a-fd4184d02e62", "team_b_id": "05ff676f-91e9-4a90-9a2f-b7fb75161d99", "winner_id": "dcfd38cb-de46-49aa-a26a-fd4184d02e62", "created_at": "2026-04-29T00:03:59.306009+00:00", "updated_at": "2026-04-29T00:03:59.306009+00:00", "finished_at": "2026-03-15T00:03:59.306009+00:00", "match_order": 2, "match_number": 6, "scheduled_at": "2026-03-15T00:03:59.306009+00:00", "match_id_riot": null, "riot_match_id": null, "tournament_id": "b97476e8-4411-46bc-ad6f-60a567207997", "tournament_code": null}	{"id": "a5a41f36-ece8-4f83-8433-b4183dd89ea9", "notes": null, "round": 2, "format": "BO3", "status": "FINISHED", "best_of": 3, "score_a": 2, "score_b": 1, "stage_id": "d4f0d42a-aea2-4a84-9dfa-31347e02cf62", "played_at": "2026-03-15T00:03:59.306009+00:00", "team_a_id": "dcfd38cb-de46-49aa-a26a-fd4184d02e62", "team_b_id": "05ff676f-91e9-4a90-9a2f-b7fb75161d99", "winner_id": "dcfd38cb-de46-49aa-a26a-fd4184d02e62", "created_at": "2026-04-29T00:03:59.306009+00:00", "updated_at": "2026-05-03T12:32:25.167956+00:00", "finished_at": "2026-03-15T00:03:59.306009+00:00", "match_order": 2, "match_number": 6, "scheduled_at": "2026-03-15T00:03:59.306009+00:00", "match_id_riot": null, "riot_match_id": null, "tournament_id": "b97476e8-4411-46bc-ad6f-60a567207997", "tournament_code": "copa-br-academias-s1"}	\N	\N
f190c62e-5c5f-4b18-95a7-126f33ee08f7	2026-05-03 12:32:25.167956+00	\N	UPDATE	matches	35bb74da-45bc-4a03-857f-c1b0aa6f0bf3	{"id": "35bb74da-45bc-4a03-857f-c1b0aa6f0bf3", "notes": null, "round": 3, "format": "BO5", "status": "FINISHED", "best_of": 5, "score_a": 3, "score_b": 1, "stage_id": "7f48c82a-2ec7-4d20-b04f-7186d978f3f2", "played_at": "2026-03-28T00:03:59.306009+00:00", "team_a_id": "36c7a784-99a3-41a7-b55c-a3e9a75f1f3c", "team_b_id": "dcfd38cb-de46-49aa-a26a-fd4184d02e62", "winner_id": "36c7a784-99a3-41a7-b55c-a3e9a75f1f3c", "created_at": "2026-04-29T00:03:59.306009+00:00", "updated_at": "2026-04-29T00:03:59.306009+00:00", "finished_at": "2026-03-28T00:03:59.306009+00:00", "match_order": 1, "match_number": 7, "scheduled_at": "2026-03-28T00:03:59.306009+00:00", "match_id_riot": null, "riot_match_id": null, "tournament_id": "b97476e8-4411-46bc-ad6f-60a567207997", "tournament_code": null}	{"id": "35bb74da-45bc-4a03-857f-c1b0aa6f0bf3", "notes": null, "round": 3, "format": "BO5", "status": "FINISHED", "best_of": 5, "score_a": 3, "score_b": 1, "stage_id": "7f48c82a-2ec7-4d20-b04f-7186d978f3f2", "played_at": "2026-03-28T00:03:59.306009+00:00", "team_a_id": "36c7a784-99a3-41a7-b55c-a3e9a75f1f3c", "team_b_id": "dcfd38cb-de46-49aa-a26a-fd4184d02e62", "winner_id": "36c7a784-99a3-41a7-b55c-a3e9a75f1f3c", "created_at": "2026-04-29T00:03:59.306009+00:00", "updated_at": "2026-05-03T12:32:25.167956+00:00", "finished_at": "2026-03-28T00:03:59.306009+00:00", "match_order": 1, "match_number": 7, "scheduled_at": "2026-03-28T00:03:59.306009+00:00", "match_id_riot": null, "riot_match_id": null, "tournament_id": "b97476e8-4411-46bc-ad6f-60a567207997", "tournament_code": "copa-br-academias-s1"}	\N	\N
20e4981f-b843-44a7-a4ab-1f9b4b204cc9	2026-05-03 12:32:25.167956+00	\N	UPDATE	matches	7f393a91-8825-4030-a60c-546fdb07e392	{"id": "7f393a91-8825-4030-a60c-546fdb07e392", "notes": null, "round": 1, "format": "BO1", "status": "FINISHED", "best_of": 1, "score_a": 1, "score_b": 0, "stage_id": "7bbec794-d35b-4007-9031-67b4a9206624", "played_at": "2026-04-16T00:03:59.306009+00:00", "team_a_id": "3692402c-acb2-40a4-93d8-27da7512bdad", "team_b_id": "36c7a784-99a3-41a7-b55c-a3e9a75f1f3c", "winner_id": "3692402c-acb2-40a4-93d8-27da7512bdad", "created_at": "2026-04-29T00:03:59.306009+00:00", "updated_at": "2026-04-29T00:03:59.306009+00:00", "finished_at": "2026-04-16T00:03:59.306009+00:00", "match_order": 1, "match_number": 1, "scheduled_at": "2026-04-16T00:03:59.306009+00:00", "match_id_riot": null, "riot_match_id": null, "tournament_id": "9dda094c-b93d-40c8-a40d-50f682136d3e", "tournament_code": null}	{"id": "7f393a91-8825-4030-a60c-546fdb07e392", "notes": null, "round": 1, "format": "BO1", "status": "FINISHED", "best_of": 1, "score_a": 1, "score_b": 0, "stage_id": "7bbec794-d35b-4007-9031-67b4a9206624", "played_at": "2026-04-16T00:03:59.306009+00:00", "team_a_id": "3692402c-acb2-40a4-93d8-27da7512bdad", "team_b_id": "36c7a784-99a3-41a7-b55c-a3e9a75f1f3c", "winner_id": "3692402c-acb2-40a4-93d8-27da7512bdad", "created_at": "2026-04-29T00:03:59.306009+00:00", "updated_at": "2026-05-03T12:32:25.167956+00:00", "finished_at": "2026-04-16T00:03:59.306009+00:00", "match_order": 1, "match_number": 1, "scheduled_at": "2026-04-16T00:03:59.306009+00:00", "match_id_riot": null, "riot_match_id": null, "tournament_id": "9dda094c-b93d-40c8-a40d-50f682136d3e", "tournament_code": "liga-aspirantes-br-split-1"}	\N	\N
8047f40f-c698-4f0b-b17f-20ba4e357a4f	2026-05-03 12:32:25.167956+00	\N	UPDATE	matches	00a581ea-3140-4925-8dc5-f5106f65ad50	{"id": "00a581ea-3140-4925-8dc5-f5106f65ad50", "notes": null, "round": 1, "format": "BO1", "status": "FINISHED", "best_of": 1, "score_a": 1, "score_b": 0, "stage_id": "7bbec794-d35b-4007-9031-67b4a9206624", "played_at": "2026-04-16T00:03:59.306009+00:00", "team_a_id": "dcfd38cb-de46-49aa-a26a-fd4184d02e62", "team_b_id": "bc20302f-806d-4c63-8dc5-c7f1d82a7f1e", "winner_id": "dcfd38cb-de46-49aa-a26a-fd4184d02e62", "created_at": "2026-04-29T00:03:59.306009+00:00", "updated_at": "2026-04-29T00:03:59.306009+00:00", "finished_at": "2026-04-16T00:03:59.306009+00:00", "match_order": 2, "match_number": 2, "scheduled_at": "2026-04-16T00:03:59.306009+00:00", "match_id_riot": null, "riot_match_id": null, "tournament_id": "9dda094c-b93d-40c8-a40d-50f682136d3e", "tournament_code": null}	{"id": "00a581ea-3140-4925-8dc5-f5106f65ad50", "notes": null, "round": 1, "format": "BO1", "status": "FINISHED", "best_of": 1, "score_a": 1, "score_b": 0, "stage_id": "7bbec794-d35b-4007-9031-67b4a9206624", "played_at": "2026-04-16T00:03:59.306009+00:00", "team_a_id": "dcfd38cb-de46-49aa-a26a-fd4184d02e62", "team_b_id": "bc20302f-806d-4c63-8dc5-c7f1d82a7f1e", "winner_id": "dcfd38cb-de46-49aa-a26a-fd4184d02e62", "created_at": "2026-04-29T00:03:59.306009+00:00", "updated_at": "2026-05-03T12:32:25.167956+00:00", "finished_at": "2026-04-16T00:03:59.306009+00:00", "match_order": 2, "match_number": 2, "scheduled_at": "2026-04-16T00:03:59.306009+00:00", "match_id_riot": null, "riot_match_id": null, "tournament_id": "9dda094c-b93d-40c8-a40d-50f682136d3e", "tournament_code": "liga-aspirantes-br-split-1"}	\N	\N
0cc78ab6-253c-47b8-8d1f-bc00bfe90f5e	2026-05-03 12:32:25.167956+00	\N	UPDATE	matches	1ba256d9-8cdb-4de2-bc66-2abd19a6c9c7	{"id": "1ba256d9-8cdb-4de2-bc66-2abd19a6c9c7", "notes": null, "round": 1, "format": "BO1", "status": "FINISHED", "best_of": 1, "score_a": 0, "score_b": 1, "stage_id": "7bbec794-d35b-4007-9031-67b4a9206624", "played_at": "2026-04-17T00:03:59.306009+00:00", "team_a_id": "05ff676f-91e9-4a90-9a2f-b7fb75161d99", "team_b_id": "ced291fd-241a-4b3d-8d12-898006af5e52", "winner_id": "ced291fd-241a-4b3d-8d12-898006af5e52", "created_at": "2026-04-29T00:03:59.306009+00:00", "updated_at": "2026-04-29T00:03:59.306009+00:00", "finished_at": "2026-04-17T00:03:59.306009+00:00", "match_order": 3, "match_number": 3, "scheduled_at": "2026-04-17T00:03:59.306009+00:00", "match_id_riot": null, "riot_match_id": null, "tournament_id": "9dda094c-b93d-40c8-a40d-50f682136d3e", "tournament_code": null}	{"id": "1ba256d9-8cdb-4de2-bc66-2abd19a6c9c7", "notes": null, "round": 1, "format": "BO1", "status": "FINISHED", "best_of": 1, "score_a": 0, "score_b": 1, "stage_id": "7bbec794-d35b-4007-9031-67b4a9206624", "played_at": "2026-04-17T00:03:59.306009+00:00", "team_a_id": "05ff676f-91e9-4a90-9a2f-b7fb75161d99", "team_b_id": "ced291fd-241a-4b3d-8d12-898006af5e52", "winner_id": "ced291fd-241a-4b3d-8d12-898006af5e52", "created_at": "2026-04-29T00:03:59.306009+00:00", "updated_at": "2026-05-03T12:32:25.167956+00:00", "finished_at": "2026-04-17T00:03:59.306009+00:00", "match_order": 3, "match_number": 3, "scheduled_at": "2026-04-17T00:03:59.306009+00:00", "match_id_riot": null, "riot_match_id": null, "tournament_id": "9dda094c-b93d-40c8-a40d-50f682136d3e", "tournament_code": "liga-aspirantes-br-split-1"}	\N	\N
152f4448-7d6c-4952-828f-c18a6d24b178	2026-05-03 12:32:25.167956+00	\N	UPDATE	matches	06c1c719-caa6-439d-92cc-db798d6f4245	{"id": "06c1c719-caa6-439d-92cc-db798d6f4245", "notes": null, "round": 2, "format": "BO1", "status": "FINISHED", "best_of": 1, "score_a": 0, "score_b": 1, "stage_id": "7bbec794-d35b-4007-9031-67b4a9206624", "played_at": "2026-04-23T00:03:59.306009+00:00", "team_a_id": "36c7a784-99a3-41a7-b55c-a3e9a75f1f3c", "team_b_id": "dcfd38cb-de46-49aa-a26a-fd4184d02e62", "winner_id": "dcfd38cb-de46-49aa-a26a-fd4184d02e62", "created_at": "2026-04-29T00:03:59.306009+00:00", "updated_at": "2026-04-29T00:03:59.306009+00:00", "finished_at": "2026-04-23T00:03:59.306009+00:00", "match_order": 1, "match_number": 4, "scheduled_at": "2026-04-23T00:03:59.306009+00:00", "match_id_riot": null, "riot_match_id": null, "tournament_id": "9dda094c-b93d-40c8-a40d-50f682136d3e", "tournament_code": null}	{"id": "06c1c719-caa6-439d-92cc-db798d6f4245", "notes": null, "round": 2, "format": "BO1", "status": "FINISHED", "best_of": 1, "score_a": 0, "score_b": 1, "stage_id": "7bbec794-d35b-4007-9031-67b4a9206624", "played_at": "2026-04-23T00:03:59.306009+00:00", "team_a_id": "36c7a784-99a3-41a7-b55c-a3e9a75f1f3c", "team_b_id": "dcfd38cb-de46-49aa-a26a-fd4184d02e62", "winner_id": "dcfd38cb-de46-49aa-a26a-fd4184d02e62", "created_at": "2026-04-29T00:03:59.306009+00:00", "updated_at": "2026-05-03T12:32:25.167956+00:00", "finished_at": "2026-04-23T00:03:59.306009+00:00", "match_order": 1, "match_number": 4, "scheduled_at": "2026-04-23T00:03:59.306009+00:00", "match_id_riot": null, "riot_match_id": null, "tournament_id": "9dda094c-b93d-40c8-a40d-50f682136d3e", "tournament_code": "liga-aspirantes-br-split-1"}	\N	\N
e92d6bf3-3dfa-4196-92ee-20eb89bbce89	2026-05-03 12:32:25.167956+00	\N	UPDATE	matches	4c169d84-5636-4ba2-be9b-7ef26328ba44	{"id": "4c169d84-5636-4ba2-be9b-7ef26328ba44", "notes": null, "round": 2, "format": "BO1", "status": "SCHEDULED", "best_of": 1, "score_a": null, "score_b": null, "stage_id": "7bbec794-d35b-4007-9031-67b4a9206624", "played_at": null, "team_a_id": "3692402c-acb2-40a4-93d8-27da7512bdad", "team_b_id": "ced291fd-241a-4b3d-8d12-898006af5e52", "winner_id": null, "created_at": "2026-04-29T00:03:59.306009+00:00", "updated_at": "2026-04-29T00:03:59.306009+00:00", "finished_at": null, "match_order": 2, "match_number": 5, "scheduled_at": "2026-05-02T00:03:59.306009+00:00", "match_id_riot": null, "riot_match_id": null, "tournament_id": "9dda094c-b93d-40c8-a40d-50f682136d3e", "tournament_code": null}	{"id": "4c169d84-5636-4ba2-be9b-7ef26328ba44", "notes": null, "round": 2, "format": "BO1", "status": "SCHEDULED", "best_of": 1, "score_a": null, "score_b": null, "stage_id": "7bbec794-d35b-4007-9031-67b4a9206624", "played_at": null, "team_a_id": "3692402c-acb2-40a4-93d8-27da7512bdad", "team_b_id": "ced291fd-241a-4b3d-8d12-898006af5e52", "winner_id": null, "created_at": "2026-04-29T00:03:59.306009+00:00", "updated_at": "2026-05-03T12:32:25.167956+00:00", "finished_at": null, "match_order": 2, "match_number": 5, "scheduled_at": "2026-05-02T00:03:59.306009+00:00", "match_id_riot": null, "riot_match_id": null, "tournament_id": "9dda094c-b93d-40c8-a40d-50f682136d3e", "tournament_code": "liga-aspirantes-br-split-1"}	\N	\N
1443286f-81fd-432f-bc0d-dc8f1576b410	2026-05-03 12:32:25.167956+00	\N	UPDATE	matches	c57d3d67-7f90-4d9f-8024-f27f39d6e65f	{"id": "c57d3d67-7f90-4d9f-8024-f27f39d6e65f", "notes": null, "round": 2, "format": "BO1", "status": "SCHEDULED", "best_of": 1, "score_a": null, "score_b": null, "stage_id": "7bbec794-d35b-4007-9031-67b4a9206624", "played_at": null, "team_a_id": "bc20302f-806d-4c63-8dc5-c7f1d82a7f1e", "team_b_id": "05ff676f-91e9-4a90-9a2f-b7fb75161d99", "winner_id": null, "created_at": "2026-04-29T00:03:59.306009+00:00", "updated_at": "2026-04-29T00:03:59.306009+00:00", "finished_at": null, "match_order": 3, "match_number": 6, "scheduled_at": "2026-05-02T00:03:59.306009+00:00", "match_id_riot": null, "riot_match_id": null, "tournament_id": "9dda094c-b93d-40c8-a40d-50f682136d3e", "tournament_code": null}	{"id": "c57d3d67-7f90-4d9f-8024-f27f39d6e65f", "notes": null, "round": 2, "format": "BO1", "status": "SCHEDULED", "best_of": 1, "score_a": null, "score_b": null, "stage_id": "7bbec794-d35b-4007-9031-67b4a9206624", "played_at": null, "team_a_id": "bc20302f-806d-4c63-8dc5-c7f1d82a7f1e", "team_b_id": "05ff676f-91e9-4a90-9a2f-b7fb75161d99", "winner_id": null, "created_at": "2026-04-29T00:03:59.306009+00:00", "updated_at": "2026-05-03T12:32:25.167956+00:00", "finished_at": null, "match_order": 3, "match_number": 6, "scheduled_at": "2026-05-02T00:03:59.306009+00:00", "match_id_riot": null, "riot_match_id": null, "tournament_id": "9dda094c-b93d-40c8-a40d-50f682136d3e", "tournament_code": "liga-aspirantes-br-split-1"}	\N	\N
67f57ff0-6d3a-4eec-b00b-ee014674ae88	2026-05-03 12:32:25.167956+00	\N	UPDATE	matches	3a204b4c-957b-4b0c-8add-c6fa9e99e1b9	{"id": "3a204b4c-957b-4b0c-8add-c6fa9e99e1b9", "notes": null, "round": 1, "format": "BO1", "status": "SCHEDULED", "best_of": 1, "score_a": null, "score_b": null, "stage_id": "a07c108d-22ea-4b69-a557-f0b6c47e7eb2", "played_at": null, "team_a_id": "3692402c-acb2-40a4-93d8-27da7512bdad", "team_b_id": "36c7a784-99a3-41a7-b55c-a3e9a75f1f3c", "winner_id": null, "created_at": "2026-04-29T00:03:59.306009+00:00", "updated_at": "2026-04-29T00:03:59.306009+00:00", "finished_at": null, "match_order": 2, "match_number": 2, "scheduled_at": "2026-05-06T00:03:59.306009+00:00", "match_id_riot": null, "riot_match_id": null, "tournament_id": "861f5900-c4f8-441f-a3e9-9eb0a54788f5", "tournament_code": null}	{"id": "3a204b4c-957b-4b0c-8add-c6fa9e99e1b9", "notes": null, "round": 1, "format": "BO1", "status": "SCHEDULED", "best_of": 1, "score_a": null, "score_b": null, "stage_id": "a07c108d-22ea-4b69-a557-f0b6c47e7eb2", "played_at": null, "team_a_id": "3692402c-acb2-40a4-93d8-27da7512bdad", "team_b_id": "36c7a784-99a3-41a7-b55c-a3e9a75f1f3c", "winner_id": null, "created_at": "2026-04-29T00:03:59.306009+00:00", "updated_at": "2026-05-03T12:32:25.167956+00:00", "finished_at": null, "match_order": 2, "match_number": 2, "scheduled_at": "2026-05-06T00:03:59.306009+00:00", "match_id_riot": null, "riot_match_id": null, "tournament_id": "861f5900-c4f8-441f-a3e9-9eb0a54788f5", "tournament_code": "torneio-relampago-12"}	\N	\N
aa4d13a2-6283-4020-a05d-2fc9b737248b	2026-05-03 12:32:25.167956+00	\N	UPDATE	matches	c52f07f7-ca0c-4923-bf14-8e3d9114572d	{"id": "c52f07f7-ca0c-4923-bf14-8e3d9114572d", "notes": null, "round": 2, "format": "BO1", "status": "SCHEDULED", "best_of": 1, "score_a": null, "score_b": null, "stage_id": "a07c108d-22ea-4b69-a557-f0b6c47e7eb2", "played_at": null, "team_a_id": null, "team_b_id": null, "winner_id": null, "created_at": "2026-04-29T00:03:59.306009+00:00", "updated_at": "2026-04-29T00:03:59.306009+00:00", "finished_at": null, "match_order": 1, "match_number": 3, "scheduled_at": "2026-05-06T04:03:59.306009+00:00", "match_id_riot": null, "riot_match_id": null, "tournament_id": "861f5900-c4f8-441f-a3e9-9eb0a54788f5", "tournament_code": null}	{"id": "c52f07f7-ca0c-4923-bf14-8e3d9114572d", "notes": null, "round": 2, "format": "BO1", "status": "SCHEDULED", "best_of": 1, "score_a": null, "score_b": null, "stage_id": "a07c108d-22ea-4b69-a557-f0b6c47e7eb2", "played_at": null, "team_a_id": null, "team_b_id": null, "winner_id": null, "created_at": "2026-04-29T00:03:59.306009+00:00", "updated_at": "2026-05-03T12:32:25.167956+00:00", "finished_at": null, "match_order": 1, "match_number": 3, "scheduled_at": "2026-05-06T04:03:59.306009+00:00", "match_id_riot": null, "riot_match_id": null, "tournament_id": "861f5900-c4f8-441f-a3e9-9eb0a54788f5", "tournament_code": "torneio-relampago-12"}	\N	\N
e63bb3ea-d710-456c-8093-5081a7feaeab	2026-05-03 12:32:25.167956+00	\N	UPDATE	matches	9915a8a7-b10b-4e43-9ebc-8218b58f1b3d	{"id": "9915a8a7-b10b-4e43-9ebc-8218b58f1b3d", "notes": null, "round": 1, "format": "BO1", "status": "FINISHED", "best_of": 1, "score_a": 0, "score_b": 1, "stage_id": "a3ce0670-a2f7-4cd7-bbc9-e60a3d59f91f", "played_at": "2026-01-31T00:03:59.306009+00:00", "team_a_id": "3692402c-acb2-40a4-93d8-27da7512bdad", "team_b_id": "36c7a784-99a3-41a7-b55c-a3e9a75f1f3c", "winner_id": "36c7a784-99a3-41a7-b55c-a3e9a75f1f3c", "created_at": "2026-04-29T00:03:59.306009+00:00", "updated_at": "2026-04-29T00:03:59.306009+00:00", "finished_at": "2026-01-31T00:03:59.306009+00:00", "match_order": 1, "match_number": 1, "scheduled_at": "2026-01-31T00:03:59.306009+00:00", "match_id_riot": null, "riot_match_id": null, "tournament_id": "f8b674be-91d9-41a8-a706-e8f5e5f4c8c7", "tournament_code": null}	{"id": "9915a8a7-b10b-4e43-9ebc-8218b58f1b3d", "notes": null, "round": 1, "format": "BO1", "status": "FINISHED", "best_of": 1, "score_a": 0, "score_b": 1, "stage_id": "a3ce0670-a2f7-4cd7-bbc9-e60a3d59f91f", "played_at": "2026-01-31T00:03:59.306009+00:00", "team_a_id": "3692402c-acb2-40a4-93d8-27da7512bdad", "team_b_id": "36c7a784-99a3-41a7-b55c-a3e9a75f1f3c", "winner_id": "36c7a784-99a3-41a7-b55c-a3e9a75f1f3c", "created_at": "2026-04-29T00:03:59.306009+00:00", "updated_at": "2026-05-03T12:32:25.167956+00:00", "finished_at": "2026-01-31T00:03:59.306009+00:00", "match_order": 1, "match_number": 1, "scheduled_at": "2026-01-31T00:03:59.306009+00:00", "match_id_riot": null, "riot_match_id": null, "tournament_id": "f8b674be-91d9-41a8-a706-e8f5e5f4c8c7", "tournament_code": "grand-prix-br-2025"}	\N	\N
3bc50987-ebcc-4caa-9d8f-183295cf9a92	2026-05-03 12:32:25.167956+00	\N	UPDATE	matches	f1fa2423-d0d2-4b1a-b39c-a342f824170f	{"id": "f1fa2423-d0d2-4b1a-b39c-a342f824170f", "notes": null, "round": 1, "format": "BO1", "status": "FINISHED", "best_of": 1, "score_a": 1, "score_b": 0, "stage_id": "a3ce0670-a2f7-4cd7-bbc9-e60a3d59f91f", "played_at": "2026-01-31T00:03:59.306009+00:00", "team_a_id": "dcfd38cb-de46-49aa-a26a-fd4184d02e62", "team_b_id": "bc20302f-806d-4c63-8dc5-c7f1d82a7f1e", "winner_id": "dcfd38cb-de46-49aa-a26a-fd4184d02e62", "created_at": "2026-04-29T00:03:59.306009+00:00", "updated_at": "2026-04-29T00:03:59.306009+00:00", "finished_at": "2026-01-31T00:03:59.306009+00:00", "match_order": 2, "match_number": 2, "scheduled_at": "2026-01-31T00:03:59.306009+00:00", "match_id_riot": null, "riot_match_id": null, "tournament_id": "f8b674be-91d9-41a8-a706-e8f5e5f4c8c7", "tournament_code": null}	{"id": "f1fa2423-d0d2-4b1a-b39c-a342f824170f", "notes": null, "round": 1, "format": "BO1", "status": "FINISHED", "best_of": 1, "score_a": 1, "score_b": 0, "stage_id": "a3ce0670-a2f7-4cd7-bbc9-e60a3d59f91f", "played_at": "2026-01-31T00:03:59.306009+00:00", "team_a_id": "dcfd38cb-de46-49aa-a26a-fd4184d02e62", "team_b_id": "bc20302f-806d-4c63-8dc5-c7f1d82a7f1e", "winner_id": "dcfd38cb-de46-49aa-a26a-fd4184d02e62", "created_at": "2026-04-29T00:03:59.306009+00:00", "updated_at": "2026-05-03T12:32:25.167956+00:00", "finished_at": "2026-01-31T00:03:59.306009+00:00", "match_order": 2, "match_number": 2, "scheduled_at": "2026-01-31T00:03:59.306009+00:00", "match_id_riot": null, "riot_match_id": null, "tournament_id": "f8b674be-91d9-41a8-a706-e8f5e5f4c8c7", "tournament_code": "grand-prix-br-2025"}	\N	\N
a2ac6089-6e25-4323-9d41-6ffc60bedd47	2026-05-03 12:32:25.167956+00	\N	UPDATE	matches	4d392ea7-4d07-481d-a82e-b211a4f48130	{"id": "4d392ea7-4d07-481d-a82e-b211a4f48130", "notes": null, "round": 2, "format": "BO1", "status": "FINISHED", "best_of": 1, "score_a": 1, "score_b": 0, "stage_id": "a3ce0670-a2f7-4cd7-bbc9-e60a3d59f91f", "played_at": "2026-02-03T00:03:59.306009+00:00", "team_a_id": "3692402c-acb2-40a4-93d8-27da7512bdad", "team_b_id": "dcfd38cb-de46-49aa-a26a-fd4184d02e62", "winner_id": "3692402c-acb2-40a4-93d8-27da7512bdad", "created_at": "2026-04-29T00:03:59.306009+00:00", "updated_at": "2026-04-29T00:03:59.306009+00:00", "finished_at": "2026-02-03T00:03:59.306009+00:00", "match_order": 1, "match_number": 3, "scheduled_at": "2026-02-03T00:03:59.306009+00:00", "match_id_riot": null, "riot_match_id": null, "tournament_id": "f8b674be-91d9-41a8-a706-e8f5e5f4c8c7", "tournament_code": null}	{"id": "4d392ea7-4d07-481d-a82e-b211a4f48130", "notes": null, "round": 2, "format": "BO1", "status": "FINISHED", "best_of": 1, "score_a": 1, "score_b": 0, "stage_id": "a3ce0670-a2f7-4cd7-bbc9-e60a3d59f91f", "played_at": "2026-02-03T00:03:59.306009+00:00", "team_a_id": "3692402c-acb2-40a4-93d8-27da7512bdad", "team_b_id": "dcfd38cb-de46-49aa-a26a-fd4184d02e62", "winner_id": "3692402c-acb2-40a4-93d8-27da7512bdad", "created_at": "2026-04-29T00:03:59.306009+00:00", "updated_at": "2026-05-03T12:32:25.167956+00:00", "finished_at": "2026-02-03T00:03:59.306009+00:00", "match_order": 1, "match_number": 3, "scheduled_at": "2026-02-03T00:03:59.306009+00:00", "match_id_riot": null, "riot_match_id": null, "tournament_id": "f8b674be-91d9-41a8-a706-e8f5e5f4c8c7", "tournament_code": "grand-prix-br-2025"}	\N	\N
4f128efb-bad2-4c30-bcdb-2e8b3c3ee7ed	2026-05-03 12:32:25.167956+00	\N	UPDATE	matches	66dca452-32f7-401d-a5d8-483c4a063fd0	{"id": "66dca452-32f7-401d-a5d8-483c4a063fd0", "notes": null, "round": 2, "format": "BO1", "status": "FINISHED", "best_of": 1, "score_a": 1, "score_b": 0, "stage_id": "a3ce0670-a2f7-4cd7-bbc9-e60a3d59f91f", "played_at": "2026-02-03T00:03:59.306009+00:00", "team_a_id": "36c7a784-99a3-41a7-b55c-a3e9a75f1f3c", "team_b_id": "bc20302f-806d-4c63-8dc5-c7f1d82a7f1e", "winner_id": "36c7a784-99a3-41a7-b55c-a3e9a75f1f3c", "created_at": "2026-04-29T00:03:59.306009+00:00", "updated_at": "2026-04-29T00:03:59.306009+00:00", "finished_at": "2026-02-03T00:03:59.306009+00:00", "match_order": 2, "match_number": 4, "scheduled_at": "2026-02-03T00:03:59.306009+00:00", "match_id_riot": null, "riot_match_id": null, "tournament_id": "f8b674be-91d9-41a8-a706-e8f5e5f4c8c7", "tournament_code": null}	{"id": "66dca452-32f7-401d-a5d8-483c4a063fd0", "notes": null, "round": 2, "format": "BO1", "status": "FINISHED", "best_of": 1, "score_a": 1, "score_b": 0, "stage_id": "a3ce0670-a2f7-4cd7-bbc9-e60a3d59f91f", "played_at": "2026-02-03T00:03:59.306009+00:00", "team_a_id": "36c7a784-99a3-41a7-b55c-a3e9a75f1f3c", "team_b_id": "bc20302f-806d-4c63-8dc5-c7f1d82a7f1e", "winner_id": "36c7a784-99a3-41a7-b55c-a3e9a75f1f3c", "created_at": "2026-04-29T00:03:59.306009+00:00", "updated_at": "2026-05-03T12:32:25.167956+00:00", "finished_at": "2026-02-03T00:03:59.306009+00:00", "match_order": 2, "match_number": 4, "scheduled_at": "2026-02-03T00:03:59.306009+00:00", "match_id_riot": null, "riot_match_id": null, "tournament_id": "f8b674be-91d9-41a8-a706-e8f5e5f4c8c7", "tournament_code": "grand-prix-br-2025"}	\N	\N
1d54ea58-271a-4f5d-844b-f51d7c1e496a	2026-05-03 12:32:25.167956+00	\N	UPDATE	matches	3f308efa-e8f8-4c6d-bc08-7850c4fd45da	{"id": "3f308efa-e8f8-4c6d-bc08-7850c4fd45da", "notes": null, "round": 3, "format": "BO1", "status": "FINISHED", "best_of": 1, "score_a": 1, "score_b": 0, "stage_id": "a3ce0670-a2f7-4cd7-bbc9-e60a3d59f91f", "played_at": "2026-02-06T00:03:59.306009+00:00", "team_a_id": "3692402c-acb2-40a4-93d8-27da7512bdad", "team_b_id": "bc20302f-806d-4c63-8dc5-c7f1d82a7f1e", "winner_id": "3692402c-acb2-40a4-93d8-27da7512bdad", "created_at": "2026-04-29T00:03:59.306009+00:00", "updated_at": "2026-04-29T00:03:59.306009+00:00", "finished_at": "2026-02-06T00:03:59.306009+00:00", "match_order": 1, "match_number": 5, "scheduled_at": "2026-02-06T00:03:59.306009+00:00", "match_id_riot": null, "riot_match_id": null, "tournament_id": "f8b674be-91d9-41a8-a706-e8f5e5f4c8c7", "tournament_code": null}	{"id": "3f308efa-e8f8-4c6d-bc08-7850c4fd45da", "notes": null, "round": 3, "format": "BO1", "status": "FINISHED", "best_of": 1, "score_a": 1, "score_b": 0, "stage_id": "a3ce0670-a2f7-4cd7-bbc9-e60a3d59f91f", "played_at": "2026-02-06T00:03:59.306009+00:00", "team_a_id": "3692402c-acb2-40a4-93d8-27da7512bdad", "team_b_id": "bc20302f-806d-4c63-8dc5-c7f1d82a7f1e", "winner_id": "3692402c-acb2-40a4-93d8-27da7512bdad", "created_at": "2026-04-29T00:03:59.306009+00:00", "updated_at": "2026-05-03T12:32:25.167956+00:00", "finished_at": "2026-02-06T00:03:59.306009+00:00", "match_order": 1, "match_number": 5, "scheduled_at": "2026-02-06T00:03:59.306009+00:00", "match_id_riot": null, "riot_match_id": null, "tournament_id": "f8b674be-91d9-41a8-a706-e8f5e5f4c8c7", "tournament_code": "grand-prix-br-2025"}	\N	\N
90f35570-4473-4ef6-8cfe-59382617efdd	2026-05-03 12:32:25.167956+00	\N	UPDATE	matches	e7dfe046-a1aa-40c1-b8a4-c40a5f82fa30	{"id": "e7dfe046-a1aa-40c1-b8a4-c40a5f82fa30", "notes": null, "round": 3, "format": "BO1", "status": "FINISHED", "best_of": 1, "score_a": 1, "score_b": 0, "stage_id": "a3ce0670-a2f7-4cd7-bbc9-e60a3d59f91f", "played_at": "2026-02-06T00:03:59.306009+00:00", "team_a_id": "36c7a784-99a3-41a7-b55c-a3e9a75f1f3c", "team_b_id": "dcfd38cb-de46-49aa-a26a-fd4184d02e62", "winner_id": "36c7a784-99a3-41a7-b55c-a3e9a75f1f3c", "created_at": "2026-04-29T00:03:59.306009+00:00", "updated_at": "2026-04-29T00:03:59.306009+00:00", "finished_at": "2026-02-06T00:03:59.306009+00:00", "match_order": 2, "match_number": 6, "scheduled_at": "2026-02-06T00:03:59.306009+00:00", "match_id_riot": null, "riot_match_id": null, "tournament_id": "f8b674be-91d9-41a8-a706-e8f5e5f4c8c7", "tournament_code": null}	{"id": "e7dfe046-a1aa-40c1-b8a4-c40a5f82fa30", "notes": null, "round": 3, "format": "BO1", "status": "FINISHED", "best_of": 1, "score_a": 1, "score_b": 0, "stage_id": "a3ce0670-a2f7-4cd7-bbc9-e60a3d59f91f", "played_at": "2026-02-06T00:03:59.306009+00:00", "team_a_id": "36c7a784-99a3-41a7-b55c-a3e9a75f1f3c", "team_b_id": "dcfd38cb-de46-49aa-a26a-fd4184d02e62", "winner_id": "36c7a784-99a3-41a7-b55c-a3e9a75f1f3c", "created_at": "2026-04-29T00:03:59.306009+00:00", "updated_at": "2026-05-03T12:32:25.167956+00:00", "finished_at": "2026-02-06T00:03:59.306009+00:00", "match_order": 2, "match_number": 6, "scheduled_at": "2026-02-06T00:03:59.306009+00:00", "match_id_riot": null, "riot_match_id": null, "tournament_id": "f8b674be-91d9-41a8-a706-e8f5e5f4c8c7", "tournament_code": "grand-prix-br-2025"}	\N	\N
\.


--
-- TOC entry 4393 (class 0 OID 18442)
-- Dependencies: 406
-- Data for Name: riot_accounts; Type: TABLE DATA; Schema: public; Owner: postgres
--

COPY public.riot_accounts (id, profile_id, puuid, game_name, summoner_id, summoner_level, profile_icon_id, is_primary, created_at, updated_at, tag_line) FROM stdin;
5373cf99-aac2-4c51-a36c-58f6bdd33428	6c4cb5c8-e8de-40d9-8321-9281a140eaee	CxHNF0CpvBgu5atU4I8SViklY5LUznO_ok72BSQhncVxgVwzkZgSmd--Wn5ax8yHRqmYnW3zRr5-nQ	renektonforever	\N	608	22	t	2026-04-28 21:29:41.74716+00	2026-04-28 21:29:41.952598+00	019
\.


--
-- TOC entry 4395 (class 0 OID 18484)
-- Dependencies: 408
-- Data for Name: champion_masteries; Type: TABLE DATA; Schema: public; Owner: postgres
--

COPY public.champion_masteries (id, riot_account_id, champion_id, champion_name, mastery_level, mastery_points, last_play_time, created_at, updated_at) FROM stdin;
ac1012ec-ee58-44da-997e-06644d9d1fbe	5373cf99-aac2-4c51-a36c-58f6bdd33428	133	\N	36	401642	\N	2026-04-28 21:29:42.054897+00	2026-04-28 21:29:42.054897+00
4289098c-71a7-4dec-a235-7e9e11377fc7	5373cf99-aac2-4c51-a36c-58f6bdd33428	25	\N	24	291688	\N	2026-04-28 21:29:42.054897+00	2026-04-28 21:29:42.054897+00
ff00fb5c-0714-43df-a4d7-b71fe9c567a7	5373cf99-aac2-4c51-a36c-58f6bdd33428	58	\N	23	278753	\N	2026-04-28 21:29:42.054897+00	2026-04-28 21:29:42.054897+00
ffffc004-35b6-4801-9e02-541b8530ab30	5373cf99-aac2-4c51-a36c-58f6bdd33428	518	\N	23	227905	\N	2026-04-28 21:29:42.054897+00	2026-04-28 21:29:42.054897+00
36a4c839-6315-48a3-a9f0-09e9c448ebcc	5373cf99-aac2-4c51-a36c-58f6bdd33428	99	\N	19	182931	\N	2026-04-28 21:29:42.054897+00	2026-04-28 21:29:42.054897+00
\.


--
-- TOC entry 4383 (class 0 OID 17867)
-- Dependencies: 387
-- Data for Name: tournament_stages; Type: TABLE DATA; Schema: public; Owner: postgres
--

COPY public.tournament_stages (id, tournament_id, name, stage_order, bracket_type, best_of, created_at, updated_at) FROM stdin;
a2cd129d-4948-4de4-a261-c097799a9f2f	b97476e8-4411-46bc-ad6f-60a567207997	Quartas de Final	1	SINGLE_ELIMINATION	3	2026-04-29 00:03:59.306009+00	2026-04-29 00:03:59.306009+00
d4f0d42a-aea2-4a84-9dfa-31347e02cf62	b97476e8-4411-46bc-ad6f-60a567207997	Semifinais	2	SINGLE_ELIMINATION	3	2026-04-29 00:03:59.306009+00	2026-04-29 00:03:59.306009+00
7f48c82a-2ec7-4d20-b04f-7186d978f3f2	b97476e8-4411-46bc-ad6f-60a567207997	Grande Final	3	SINGLE_ELIMINATION	5	2026-04-29 00:03:59.306009+00	2026-04-29 00:03:59.306009+00
7bbec794-d35b-4007-9031-67b4a9206624	9dda094c-b93d-40c8-a40d-50f682136d3e	Fase Regular	1	ROUND_ROBIN	1	2026-04-29 00:03:59.306009+00	2026-04-29 00:03:59.306009+00
a07c108d-22ea-4b69-a557-f0b6c47e7eb2	861f5900-c4f8-441f-a3e9-9eb0a54788f5	Chaveamento	1	SINGLE_ELIMINATION	1	2026-04-29 00:03:59.306009+00	2026-04-29 00:03:59.306009+00
a3ce0670-a2f7-4cd7-bbc9-e60a3d59f91f	f8b674be-91d9-41a8-a706-e8f5e5f4c8c7	Round Robin	1	ROUND_ROBIN	1	2026-04-29 00:03:59.306009+00	2026-04-29 00:03:59.306009+00
\.


--
-- TOC entry 4382 (class 0 OID 17801)
-- Dependencies: 386
-- Data for Name: matches; Type: TABLE DATA; Schema: public; Owner: postgres
--

COPY public.matches (id, tournament_id, round, match_order, status, team_a_id, team_b_id, winner_id, score_a, score_b, riot_match_id, scheduled_at, played_at, notes, created_at, updated_at, format, stage_id, match_number, best_of, finished_at, match_id_riot, tournament_code) FROM stdin;
30652620-b7e2-4b0e-8766-7e2a4fd7d45f	b97476e8-4411-46bc-ad6f-60a567207997	1	1	FINISHED	3692402c-acb2-40a4-93d8-27da7512bdad	2319a202-3c47-4d96-a81f-4cb924ad723f	3692402c-acb2-40a4-93d8-27da7512bdad	2	0	\N	2026-03-02 00:03:59.306009+00	2026-03-02 00:03:59.306009+00	\N	2026-04-29 00:03:59.306009+00	2026-05-03 12:32:25.167956+00	BO3	a2cd129d-4948-4de4-a261-c097799a9f2f	1	3	2026-03-02 00:03:59.306009+00	\N	copa-br-academias-s1
0bbac735-6949-430d-8ed5-91dcef8606e9	b97476e8-4411-46bc-ad6f-60a567207997	1	2	FINISHED	36c7a784-99a3-41a7-b55c-a3e9a75f1f3c	cde85f9e-fdef-4340-a396-8599f2e476fd	36c7a784-99a3-41a7-b55c-a3e9a75f1f3c	2	1	\N	2026-03-02 00:03:59.306009+00	2026-03-02 00:03:59.306009+00	\N	2026-04-29 00:03:59.306009+00	2026-05-03 12:32:25.167956+00	BO3	a2cd129d-4948-4de4-a261-c097799a9f2f	2	3	2026-03-02 00:03:59.306009+00	\N	copa-br-academias-s1
f1ff7fd8-3191-4eee-b4bb-10d723ec6ebe	b97476e8-4411-46bc-ad6f-60a567207997	1	3	FINISHED	dcfd38cb-de46-49aa-a26a-fd4184d02e62	ced291fd-241a-4b3d-8d12-898006af5e52	dcfd38cb-de46-49aa-a26a-fd4184d02e62	2	0	\N	2026-03-03 00:03:59.306009+00	2026-03-03 00:03:59.306009+00	\N	2026-04-29 00:03:59.306009+00	2026-05-03 12:32:25.167956+00	BO3	a2cd129d-4948-4de4-a261-c097799a9f2f	3	3	2026-03-03 00:03:59.306009+00	\N	copa-br-academias-s1
68f8aa1d-57ac-4f36-ab98-ee9f9926f020	b97476e8-4411-46bc-ad6f-60a567207997	1	4	FINISHED	bc20302f-806d-4c63-8dc5-c7f1d82a7f1e	05ff676f-91e9-4a90-9a2f-b7fb75161d99	05ff676f-91e9-4a90-9a2f-b7fb75161d99	1	2	\N	2026-03-03 00:03:59.306009+00	2026-03-03 00:03:59.306009+00	\N	2026-04-29 00:03:59.306009+00	2026-05-03 12:32:25.167956+00	BO3	a2cd129d-4948-4de4-a261-c097799a9f2f	4	3	2026-03-03 00:03:59.306009+00	\N	copa-br-academias-s1
c3bcfc63-e4f7-4f03-b06b-bcbe52017b1e	b97476e8-4411-46bc-ad6f-60a567207997	2	1	FINISHED	3692402c-acb2-40a4-93d8-27da7512bdad	36c7a784-99a3-41a7-b55c-a3e9a75f1f3c	36c7a784-99a3-41a7-b55c-a3e9a75f1f3c	1	2	\N	2026-03-15 00:03:59.306009+00	2026-03-15 00:03:59.306009+00	\N	2026-04-29 00:03:59.306009+00	2026-05-03 12:32:25.167956+00	BO3	d4f0d42a-aea2-4a84-9dfa-31347e02cf62	5	3	2026-03-15 00:03:59.306009+00	\N	copa-br-academias-s1
a5a41f36-ece8-4f83-8433-b4183dd89ea9	b97476e8-4411-46bc-ad6f-60a567207997	2	2	FINISHED	dcfd38cb-de46-49aa-a26a-fd4184d02e62	05ff676f-91e9-4a90-9a2f-b7fb75161d99	dcfd38cb-de46-49aa-a26a-fd4184d02e62	2	1	\N	2026-03-15 00:03:59.306009+00	2026-03-15 00:03:59.306009+00	\N	2026-04-29 00:03:59.306009+00	2026-05-03 12:32:25.167956+00	BO3	d4f0d42a-aea2-4a84-9dfa-31347e02cf62	6	3	2026-03-15 00:03:59.306009+00	\N	copa-br-academias-s1
35bb74da-45bc-4a03-857f-c1b0aa6f0bf3	b97476e8-4411-46bc-ad6f-60a567207997	3	1	FINISHED	36c7a784-99a3-41a7-b55c-a3e9a75f1f3c	dcfd38cb-de46-49aa-a26a-fd4184d02e62	36c7a784-99a3-41a7-b55c-a3e9a75f1f3c	3	1	\N	2026-03-28 00:03:59.306009+00	2026-03-28 00:03:59.306009+00	\N	2026-04-29 00:03:59.306009+00	2026-05-03 12:32:25.167956+00	BO5	7f48c82a-2ec7-4d20-b04f-7186d978f3f2	7	5	2026-03-28 00:03:59.306009+00	\N	copa-br-academias-s1
7f393a91-8825-4030-a60c-546fdb07e392	9dda094c-b93d-40c8-a40d-50f682136d3e	1	1	FINISHED	3692402c-acb2-40a4-93d8-27da7512bdad	36c7a784-99a3-41a7-b55c-a3e9a75f1f3c	3692402c-acb2-40a4-93d8-27da7512bdad	1	0	\N	2026-04-16 00:03:59.306009+00	2026-04-16 00:03:59.306009+00	\N	2026-04-29 00:03:59.306009+00	2026-05-03 12:32:25.167956+00	BO1	7bbec794-d35b-4007-9031-67b4a9206624	1	1	2026-04-16 00:03:59.306009+00	\N	liga-aspirantes-br-split-1
00a581ea-3140-4925-8dc5-f5106f65ad50	9dda094c-b93d-40c8-a40d-50f682136d3e	1	2	FINISHED	dcfd38cb-de46-49aa-a26a-fd4184d02e62	bc20302f-806d-4c63-8dc5-c7f1d82a7f1e	dcfd38cb-de46-49aa-a26a-fd4184d02e62	1	0	\N	2026-04-16 00:03:59.306009+00	2026-04-16 00:03:59.306009+00	\N	2026-04-29 00:03:59.306009+00	2026-05-03 12:32:25.167956+00	BO1	7bbec794-d35b-4007-9031-67b4a9206624	2	1	2026-04-16 00:03:59.306009+00	\N	liga-aspirantes-br-split-1
1ba256d9-8cdb-4de2-bc66-2abd19a6c9c7	9dda094c-b93d-40c8-a40d-50f682136d3e	1	3	FINISHED	05ff676f-91e9-4a90-9a2f-b7fb75161d99	ced291fd-241a-4b3d-8d12-898006af5e52	ced291fd-241a-4b3d-8d12-898006af5e52	0	1	\N	2026-04-17 00:03:59.306009+00	2026-04-17 00:03:59.306009+00	\N	2026-04-29 00:03:59.306009+00	2026-05-03 12:32:25.167956+00	BO1	7bbec794-d35b-4007-9031-67b4a9206624	3	1	2026-04-17 00:03:59.306009+00	\N	liga-aspirantes-br-split-1
06c1c719-caa6-439d-92cc-db798d6f4245	9dda094c-b93d-40c8-a40d-50f682136d3e	2	1	FINISHED	36c7a784-99a3-41a7-b55c-a3e9a75f1f3c	dcfd38cb-de46-49aa-a26a-fd4184d02e62	dcfd38cb-de46-49aa-a26a-fd4184d02e62	0	1	\N	2026-04-23 00:03:59.306009+00	2026-04-23 00:03:59.306009+00	\N	2026-04-29 00:03:59.306009+00	2026-05-03 12:32:25.167956+00	BO1	7bbec794-d35b-4007-9031-67b4a9206624	4	1	2026-04-23 00:03:59.306009+00	\N	liga-aspirantes-br-split-1
4c169d84-5636-4ba2-be9b-7ef26328ba44	9dda094c-b93d-40c8-a40d-50f682136d3e	2	2	SCHEDULED	3692402c-acb2-40a4-93d8-27da7512bdad	ced291fd-241a-4b3d-8d12-898006af5e52	\N	\N	\N	\N	2026-05-02 00:03:59.306009+00	\N	\N	2026-04-29 00:03:59.306009+00	2026-05-03 12:32:25.167956+00	BO1	7bbec794-d35b-4007-9031-67b4a9206624	5	1	\N	\N	liga-aspirantes-br-split-1
c57d3d67-7f90-4d9f-8024-f27f39d6e65f	9dda094c-b93d-40c8-a40d-50f682136d3e	2	3	SCHEDULED	bc20302f-806d-4c63-8dc5-c7f1d82a7f1e	05ff676f-91e9-4a90-9a2f-b7fb75161d99	\N	\N	\N	\N	2026-05-02 00:03:59.306009+00	\N	\N	2026-04-29 00:03:59.306009+00	2026-05-03 12:32:25.167956+00	BO1	7bbec794-d35b-4007-9031-67b4a9206624	6	1	\N	\N	liga-aspirantes-br-split-1
914474b5-f48f-46cb-98bb-715abf93b681	861f5900-c4f8-441f-a3e9-9eb0a54788f5	1	1	SCHEDULED	cde85f9e-fdef-4340-a396-8599f2e476fd	2319a202-3c47-4d96-a81f-4cb924ad723f	\N	\N	\N	\N	2026-05-06 00:03:59.306009+00	\N	\N	2026-04-29 00:03:59.306009+00	2026-05-03 12:32:25.167956+00	BO1	a07c108d-22ea-4b69-a557-f0b6c47e7eb2	1	1	\N	\N	torneio-relampago-12
3a204b4c-957b-4b0c-8add-c6fa9e99e1b9	861f5900-c4f8-441f-a3e9-9eb0a54788f5	1	2	SCHEDULED	3692402c-acb2-40a4-93d8-27da7512bdad	36c7a784-99a3-41a7-b55c-a3e9a75f1f3c	\N	\N	\N	\N	2026-05-06 00:03:59.306009+00	\N	\N	2026-04-29 00:03:59.306009+00	2026-05-03 12:32:25.167956+00	BO1	a07c108d-22ea-4b69-a557-f0b6c47e7eb2	2	1	\N	\N	torneio-relampago-12
c52f07f7-ca0c-4923-bf14-8e3d9114572d	861f5900-c4f8-441f-a3e9-9eb0a54788f5	2	1	SCHEDULED	\N	\N	\N	\N	\N	\N	2026-05-06 04:03:59.306009+00	\N	\N	2026-04-29 00:03:59.306009+00	2026-05-03 12:32:25.167956+00	BO1	a07c108d-22ea-4b69-a557-f0b6c47e7eb2	3	1	\N	\N	torneio-relampago-12
9915a8a7-b10b-4e43-9ebc-8218b58f1b3d	f8b674be-91d9-41a8-a706-e8f5e5f4c8c7	1	1	FINISHED	3692402c-acb2-40a4-93d8-27da7512bdad	36c7a784-99a3-41a7-b55c-a3e9a75f1f3c	36c7a784-99a3-41a7-b55c-a3e9a75f1f3c	0	1	\N	2026-01-31 00:03:59.306009+00	2026-01-31 00:03:59.306009+00	\N	2026-04-29 00:03:59.306009+00	2026-05-03 12:32:25.167956+00	BO1	a3ce0670-a2f7-4cd7-bbc9-e60a3d59f91f	1	1	2026-01-31 00:03:59.306009+00	\N	grand-prix-br-2025
f1fa2423-d0d2-4b1a-b39c-a342f824170f	f8b674be-91d9-41a8-a706-e8f5e5f4c8c7	1	2	FINISHED	dcfd38cb-de46-49aa-a26a-fd4184d02e62	bc20302f-806d-4c63-8dc5-c7f1d82a7f1e	dcfd38cb-de46-49aa-a26a-fd4184d02e62	1	0	\N	2026-01-31 00:03:59.306009+00	2026-01-31 00:03:59.306009+00	\N	2026-04-29 00:03:59.306009+00	2026-05-03 12:32:25.167956+00	BO1	a3ce0670-a2f7-4cd7-bbc9-e60a3d59f91f	2	1	2026-01-31 00:03:59.306009+00	\N	grand-prix-br-2025
4d392ea7-4d07-481d-a82e-b211a4f48130	f8b674be-91d9-41a8-a706-e8f5e5f4c8c7	2	1	FINISHED	3692402c-acb2-40a4-93d8-27da7512bdad	dcfd38cb-de46-49aa-a26a-fd4184d02e62	3692402c-acb2-40a4-93d8-27da7512bdad	1	0	\N	2026-02-03 00:03:59.306009+00	2026-02-03 00:03:59.306009+00	\N	2026-04-29 00:03:59.306009+00	2026-05-03 12:32:25.167956+00	BO1	a3ce0670-a2f7-4cd7-bbc9-e60a3d59f91f	3	1	2026-02-03 00:03:59.306009+00	\N	grand-prix-br-2025
66dca452-32f7-401d-a5d8-483c4a063fd0	f8b674be-91d9-41a8-a706-e8f5e5f4c8c7	2	2	FINISHED	36c7a784-99a3-41a7-b55c-a3e9a75f1f3c	bc20302f-806d-4c63-8dc5-c7f1d82a7f1e	36c7a784-99a3-41a7-b55c-a3e9a75f1f3c	1	0	\N	2026-02-03 00:03:59.306009+00	2026-02-03 00:03:59.306009+00	\N	2026-04-29 00:03:59.306009+00	2026-05-03 12:32:25.167956+00	BO1	a3ce0670-a2f7-4cd7-bbc9-e60a3d59f91f	4	1	2026-02-03 00:03:59.306009+00	\N	grand-prix-br-2025
3f308efa-e8f8-4c6d-bc08-7850c4fd45da	f8b674be-91d9-41a8-a706-e8f5e5f4c8c7	3	1	FINISHED	3692402c-acb2-40a4-93d8-27da7512bdad	bc20302f-806d-4c63-8dc5-c7f1d82a7f1e	3692402c-acb2-40a4-93d8-27da7512bdad	1	0	\N	2026-02-06 00:03:59.306009+00	2026-02-06 00:03:59.306009+00	\N	2026-04-29 00:03:59.306009+00	2026-05-03 12:32:25.167956+00	BO1	a3ce0670-a2f7-4cd7-bbc9-e60a3d59f91f	5	1	2026-02-06 00:03:59.306009+00	\N	grand-prix-br-2025
e7dfe046-a1aa-40c1-b8a4-c40a5f82fa30	f8b674be-91d9-41a8-a706-e8f5e5f4c8c7	3	2	FINISHED	36c7a784-99a3-41a7-b55c-a3e9a75f1f3c	dcfd38cb-de46-49aa-a26a-fd4184d02e62	36c7a784-99a3-41a7-b55c-a3e9a75f1f3c	1	0	\N	2026-02-06 00:03:59.306009+00	2026-02-06 00:03:59.306009+00	\N	2026-04-29 00:03:59.306009+00	2026-05-03 12:32:25.167956+00	BO1	a3ce0670-a2f7-4cd7-bbc9-e60a3d59f91f	6	1	2026-02-06 00:03:59.306009+00	\N	grand-prix-br-2025
\.


--
-- TOC entry 4390 (class 0 OID 18189)
-- Dependencies: 394
-- Data for Name: disputes; Type: TABLE DATA; Schema: public; Owner: postgres
--

COPY public.disputes (id, match_id, reported_by, reason, evidence_url, status, resolved_by, resolution_notes, created_at, updated_at) FROM stdin;
\.


--
-- TOC entry 4381 (class 0 OID 17769)
-- Dependencies: 385
-- Data for Name: inscricoes; Type: TABLE DATA; Schema: public; Owner: postgres
--

COPY public.inscricoes (id, tournament_id, team_id, requested_by, status, reviewed_by, reviewed_at, notes, created_at, checked_in_at, checked_in, checked_in_by) FROM stdin;
1b314a64-a76f-4794-aa4c-9f267c3e0beb	b97476e8-4411-46bc-ad6f-60a567207997	3692402c-acb2-40a4-93d8-27da7512bdad	\N	APPROVED	\N	2026-02-27 00:03:59.306009+00	\N	2026-04-29 00:03:59.306009+00	\N	t	\N
c48a5309-7cf2-470a-a94d-1dc89686ac3b	b97476e8-4411-46bc-ad6f-60a567207997	36c7a784-99a3-41a7-b55c-a3e9a75f1f3c	\N	APPROVED	\N	2026-02-27 00:03:59.306009+00	\N	2026-04-29 00:03:59.306009+00	\N	t	\N
1716e7f4-b8a8-41a3-9d23-ad845f2b37ea	b97476e8-4411-46bc-ad6f-60a567207997	dcfd38cb-de46-49aa-a26a-fd4184d02e62	\N	APPROVED	\N	2026-02-27 00:03:59.306009+00	\N	2026-04-29 00:03:59.306009+00	\N	t	\N
bec4c17f-8e79-498b-adc5-ed01cdc0fe40	b97476e8-4411-46bc-ad6f-60a567207997	bc20302f-806d-4c63-8dc5-c7f1d82a7f1e	\N	APPROVED	\N	2026-02-27 00:03:59.306009+00	\N	2026-04-29 00:03:59.306009+00	\N	t	\N
21e8e8fa-416e-4da3-961d-3f21ed1cfc58	b97476e8-4411-46bc-ad6f-60a567207997	05ff676f-91e9-4a90-9a2f-b7fb75161d99	\N	APPROVED	\N	2026-02-27 00:03:59.306009+00	\N	2026-04-29 00:03:59.306009+00	\N	t	\N
ab8fc0d6-05f0-428e-8a1f-c311e016c745	b97476e8-4411-46bc-ad6f-60a567207997	ced291fd-241a-4b3d-8d12-898006af5e52	\N	APPROVED	\N	2026-02-27 00:03:59.306009+00	\N	2026-04-29 00:03:59.306009+00	\N	t	\N
7b94a2c1-9639-425a-8f6d-0333edf607d6	b97476e8-4411-46bc-ad6f-60a567207997	cde85f9e-fdef-4340-a396-8599f2e476fd	\N	APPROVED	\N	2026-02-27 00:03:59.306009+00	\N	2026-04-29 00:03:59.306009+00	\N	t	\N
663187ee-365d-42c9-aeaf-adc1e774d779	b97476e8-4411-46bc-ad6f-60a567207997	2319a202-3c47-4d96-a81f-4cb924ad723f	\N	APPROVED	\N	2026-02-27 00:03:59.306009+00	\N	2026-04-29 00:03:59.306009+00	\N	t	\N
ced570b0-aaf7-4a4b-9260-6e50efd6b536	9dda094c-b93d-40c8-a40d-50f682136d3e	3692402c-acb2-40a4-93d8-27da7512bdad	\N	APPROVED	\N	2026-04-14 00:03:59.306009+00	\N	2026-04-29 00:03:59.306009+00	\N	t	\N
f0236907-6cb6-4fbf-8c98-988bfb2cf775	9dda094c-b93d-40c8-a40d-50f682136d3e	36c7a784-99a3-41a7-b55c-a3e9a75f1f3c	\N	APPROVED	\N	2026-04-14 00:03:59.306009+00	\N	2026-04-29 00:03:59.306009+00	\N	t	\N
93355c68-19e9-4637-82cd-47d8b7077da9	9dda094c-b93d-40c8-a40d-50f682136d3e	dcfd38cb-de46-49aa-a26a-fd4184d02e62	\N	APPROVED	\N	2026-04-14 00:03:59.306009+00	\N	2026-04-29 00:03:59.306009+00	\N	t	\N
eb9fc83b-f1aa-4150-8b08-51421454fc45	9dda094c-b93d-40c8-a40d-50f682136d3e	bc20302f-806d-4c63-8dc5-c7f1d82a7f1e	\N	APPROVED	\N	2026-04-14 00:03:59.306009+00	\N	2026-04-29 00:03:59.306009+00	\N	t	\N
2e1fbd56-88e0-44a0-aa97-5ceb1f52ce54	9dda094c-b93d-40c8-a40d-50f682136d3e	05ff676f-91e9-4a90-9a2f-b7fb75161d99	\N	APPROVED	\N	2026-04-14 00:03:59.306009+00	\N	2026-04-29 00:03:59.306009+00	\N	t	\N
79c483a4-493e-476e-b70f-67d3653b8733	9dda094c-b93d-40c8-a40d-50f682136d3e	ced291fd-241a-4b3d-8d12-898006af5e52	\N	APPROVED	\N	2026-04-14 00:03:59.306009+00	\N	2026-04-29 00:03:59.306009+00	\N	t	\N
faba44d6-2336-4c47-8b99-8ac20404fa17	861f5900-c4f8-441f-a3e9-9eb0a54788f5	cde85f9e-fdef-4340-a396-8599f2e476fd	\N	PENDING	\N	\N	\N	2026-04-29 00:03:59.306009+00	\N	f	\N
6036b4f7-267f-4d44-95c2-333df91e7296	861f5900-c4f8-441f-a3e9-9eb0a54788f5	2319a202-3c47-4d96-a81f-4cb924ad723f	\N	PENDING	\N	\N	\N	2026-04-29 00:03:59.306009+00	\N	f	\N
9387c782-91ff-4234-a4f6-d844bab33cda	f8b674be-91d9-41a8-a706-e8f5e5f4c8c7	3692402c-acb2-40a4-93d8-27da7512bdad	\N	APPROVED	\N	2026-01-28 00:03:59.306009+00	\N	2026-04-29 00:03:59.306009+00	\N	t	\N
a2f942dd-f4dc-416c-bf0f-63c10cf2383c	f8b674be-91d9-41a8-a706-e8f5e5f4c8c7	36c7a784-99a3-41a7-b55c-a3e9a75f1f3c	\N	APPROVED	\N	2026-01-28 00:03:59.306009+00	\N	2026-04-29 00:03:59.306009+00	\N	t	\N
b601cf85-25df-44f0-bfa7-731adc7a83ff	f8b674be-91d9-41a8-a706-e8f5e5f4c8c7	dcfd38cb-de46-49aa-a26a-fd4184d02e62	\N	APPROVED	\N	2026-01-28 00:03:59.306009+00	\N	2026-04-29 00:03:59.306009+00	\N	t	\N
7973cb6c-780d-47ec-a5fc-43ea9ffa4224	f8b674be-91d9-41a8-a706-e8f5e5f4c8c7	bc20302f-806d-4c63-8dc5-c7f1d82a7f1e	\N	APPROVED	\N	2026-01-28 00:03:59.306009+00	\N	2026-04-29 00:03:59.306009+00	\N	t	\N
\.


--
-- TOC entry 4384 (class 0 OID 17895)
-- Dependencies: 388
-- Data for Name: match_games; Type: TABLE DATA; Schema: public; Owner: postgres
--

COPY public.match_games (id, match_id, game_number, winner_id, riot_game_id, duration_sec, picks_bans, played_at, created_at) FROM stdin;
\.


--
-- TOC entry 4386 (class 0 OID 17977)
-- Dependencies: 390
-- Data for Name: notifications; Type: TABLE DATA; Schema: public; Owner: postgres
--

COPY public.notifications (id, user_id, type, title, body, read, metadata, expires_at, created_at, message, link) FROM stdin;
\.


--
-- TOC entry 4380 (class 0 OID 17740)
-- Dependencies: 384
-- Data for Name: players; Type: TABLE DATA; Schema: public; Owner: postgres
--

COPY public.players (id, team_id, summoner_name, tag_line, puuid, role, tier, rank, lp, wins, losses, profile_icon, summoner_level, last_synced, created_at, updated_at, riot_account_id) FROM stdin;
e25a5801-8509-42a4-b75b-1fcb3cffa3e5	3692402c-acb2-40a4-93d8-27da7512bdad	LUD Caboose	BR1	\N	TOP	DIAMOND	I	76	142	98	1234	187	\N	2026-04-29 00:02:30.093991+00	2026-04-29 00:02:30.093991+00	\N
299e246e-84b7-43c2-897f-aecedf71ddfa	3692402c-acb2-40a4-93d8-27da7512bdad	LUD Panther	BR1	\N	JUNGLE	MASTER		312	189	121	4532	203	\N	2026-04-29 00:02:30.093991+00	2026-04-29 00:02:30.093991+00	\N
25b2b0e1-06f4-4eb7-bc90-75aee95d1d44	3692402c-acb2-40a4-93d8-27da7512bdad	LUD Strider	BR1	\N	MID	GRANDMASTER		247	201	133	7823	215	\N	2026-04-29 00:02:30.093991+00	2026-04-29 00:02:30.093991+00	\N
e0081352-6113-4984-91b5-11c0554f89c4	3692402c-acb2-40a4-93d8-27da7512bdad	LUD Sniper	BR1	\N	ADC	MASTER		189	176	115	3901	198	\N	2026-04-29 00:02:30.093991+00	2026-04-29 00:02:30.093991+00	\N
c3ad2ab2-2eca-44b6-9f6b-943bfc6cd446	3692402c-acb2-40a4-93d8-27da7512bdad	LUD Guardian	BR1	\N	SUPPORT	DIAMOND	II	54	156	112	6234	182	\N	2026-04-29 00:02:30.093991+00	2026-04-29 00:02:30.093991+00	\N
b90a9a15-ed1b-43d8-a199-40585bea0901	36c7a784-99a3-41a7-b55c-a3e9a75f1f3c	PAC Titan	BR1	\N	TOP	MASTER		156	167	103	2345	195	\N	2026-04-29 00:02:30.093991+00	2026-04-29 00:02:30.093991+00	\N
27840ea5-500f-427e-a975-45214d240dff	36c7a784-99a3-41a7-b55c-a3e9a75f1f3c	PAC Shadow	BR1	\N	JUNGLE	GRANDMASTER		389	213	128	5678	221	\N	2026-04-29 00:02:30.093991+00	2026-04-29 00:02:30.093991+00	\N
b66d02e5-c3fd-40ab-8015-45c84d72d212	36c7a784-99a3-41a7-b55c-a3e9a75f1f3c	PAC Genius	BR1	\N	MID	CHALLENGER		142	245	143	8901	234	\N	2026-04-29 00:02:30.093991+00	2026-04-29 00:02:30.093991+00	\N
ea7739d4-5125-4c12-80f0-bd7084e27a5a	36c7a784-99a3-41a7-b55c-a3e9a75f1f3c	PAC Marksman	BR1	\N	ADC	MASTER		267	198	119	4123	208	\N	2026-04-29 00:02:30.093991+00	2026-04-29 00:02:30.093991+00	\N
b70e6e77-e52f-4710-b37f-29f7858e9fbd	36c7a784-99a3-41a7-b55c-a3e9a75f1f3c	PAC Warden	BR1	\N	SUPPORT	DIAMOND	I	89	145	108	7456	178	\N	2026-04-29 00:02:30.093991+00	2026-04-29 00:02:30.093991+00	\N
1a76f73d-7339-4b3a-b4bd-b3859b536d02	dcfd38cb-de46-49aa-a26a-fd4184d02e62	FRN Fury	BR1	\N	TOP	GRANDMASTER		201	223	138	3456	218	\N	2026-04-29 00:02:30.093991+00	2026-04-29 00:02:30.093991+00	\N
e39d1f4e-4b65-47a5-b204-16c356d78555	dcfd38cb-de46-49aa-a26a-fd4184d02e62	FRN Predator	BR1	\N	JUNGLE	MASTER		78	178	112	6789	191	\N	2026-04-29 00:02:30.093991+00	2026-04-29 00:02:30.093991+00	\N
304e4edf-9b85-454d-b105-ba46e934657e	dcfd38cb-de46-49aa-a26a-fd4184d02e62	FRN Flames	BR1	\N	MID	MASTER		445	234	145	9012	229	\N	2026-04-29 00:02:30.093991+00	2026-04-29 00:02:30.093991+00	\N
9f06f310-b0cb-48a9-aa29-c4e65fb1531d	dcfd38cb-de46-49aa-a26a-fd4184d02e62	FRN Blaze	BR1	\N	ADC	GRANDMASTER		167	212	131	1234	213	\N	2026-04-29 00:02:30.093991+00	2026-04-29 00:02:30.093991+00	\N
9d9cab4a-c186-4d46-9e8a-f7e43a685b3b	dcfd38cb-de46-49aa-a26a-fd4184d02e62	FRN Anchor	BR1	\N	SUPPORT	MASTER		323	189	123	4567	205	\N	2026-04-29 00:02:30.093991+00	2026-04-29 00:02:30.093991+00	\N
191545fd-eec7-4864-a403-8c09dce6f40b	bc20302f-806d-4c63-8dc5-c7f1d82a7f1e	FLA Camisa10	BR1	\N	TOP	DIAMOND	II	32	134	97	7890	176	\N	2026-04-29 00:02:30.093991+00	2026-04-29 00:02:30.093991+00	\N
a1695228-cc11-43d3-bfc6-240ad937cfaf	bc20302f-806d-4c63-8dc5-c7f1d82a7f1e	FLA Urubu	BR1	\N	JUNGLE	MASTER		112	183	118	2345	199	\N	2026-04-29 00:02:30.093991+00	2026-04-29 00:02:30.093991+00	\N
28bef651-cd26-4f43-8b88-3846313ebb21	bc20302f-806d-4c63-8dc5-c7f1d82a7f1e	FLA Mengao	BR1	\N	MID	MASTER		234	195	127	5678	207	\N	2026-04-29 00:02:30.093991+00	2026-04-29 00:02:30.093991+00	\N
b7ab06e8-9bdf-4da2-8895-22d1f28e9f27	bc20302f-806d-4c63-8dc5-c7f1d82a7f1e	FLA CRFlamengo	BR1	\N	ADC	GRANDMASTER		98	201	134	8901	214	\N	2026-04-29 00:02:30.093991+00	2026-04-29 00:02:30.093991+00	\N
9e2acdda-0d6c-44a7-b4ea-1c5b9c3c5d3c	bc20302f-806d-4c63-8dc5-c7f1d82a7f1e	FLA Shield	BR1	\N	SUPPORT	DIAMOND	I	167	148	105	3456	183	\N	2026-04-29 00:02:30.093991+00	2026-04-29 00:02:30.093991+00	\N
24bcc1a0-6795-4972-911f-0d1b4cbfa364	05ff676f-91e9-4a90-9a2f-b7fb75161d99	RDU Urso	BR1	\N	TOP	MASTER		289	175	110	6789	193	\N	2026-04-29 00:02:30.093991+00	2026-04-29 00:02:30.093991+00	\N
27956941-870d-4a77-9b9f-f0251b3eb627	05ff676f-91e9-4a90-9a2f-b7fb75161d99	RDU Howl	BR1	\N	JUNGLE	DIAMOND	I	56	152	104	1234	180	\N	2026-04-29 00:02:30.093991+00	2026-04-29 00:02:30.093991+00	\N
26ca66f8-d628-4fbf-98b7-7526d37bf548	05ff676f-91e9-4a90-9a2f-b7fb75161d99	RDU Claw	BR1	\N	MID	GRANDMASTER		334	218	136	4567	220	\N	2026-04-29 00:02:30.093991+00	2026-04-29 00:02:30.093991+00	\N
fb5cad06-0f08-479d-9621-b6219e7ab797	05ff676f-91e9-4a90-9a2f-b7fb75161d99	RDU Fang	BR1	\N	ADC	MASTER		178	193	122	7890	201	\N	2026-04-29 00:02:30.093991+00	2026-04-29 00:02:30.093991+00	\N
bee967f3-2281-431b-85bb-9231cd8875b6	05ff676f-91e9-4a90-9a2f-b7fb75161d99	RDU Bark	BR1	\N	SUPPORT	MASTER		67	168	113	2345	187	\N	2026-04-29 00:02:30.093991+00	2026-04-29 00:02:30.093991+00	\N
7d27d4ad-5b54-45a1-97e5-8df25061e271	ced291fd-241a-4b3d-8d12-898006af5e52	VKS Estrela	BR1	\N	TOP	GRANDMASTER		123	203	129	5678	211	\N	2026-04-29 00:02:30.093991+00	2026-04-29 00:02:30.093991+00	\N
fbbfee67-69ad-4abb-ab41-ed6b3ad01ace	ced291fd-241a-4b3d-8d12-898006af5e52	VKS Nebula	BR1	\N	JUNGLE	MASTER		456	221	140	8901	225	\N	2026-04-29 00:02:30.093991+00	2026-04-29 00:02:30.093991+00	\N
8adba284-5c05-4dbd-8899-d3523ada6340	ced291fd-241a-4b3d-8d12-898006af5e52	VKS Comet	BR1	\N	MID	MASTER		89	187	120	3456	196	\N	2026-04-29 00:02:30.093991+00	2026-04-29 00:02:30.093991+00	\N
db02236e-8957-49ac-8ffb-043c694bae4d	ced291fd-241a-4b3d-8d12-898006af5e52	VKS Galaxy	BR1	\N	ADC	DIAMOND	I	245	161	106	6789	184	\N	2026-04-29 00:02:30.093991+00	2026-04-29 00:02:30.093991+00	\N
285fcf72-01c2-4ecf-8fc1-06c7a129c1c3	ced291fd-241a-4b3d-8d12-898006af5e52	VKS Orbit	BR1	\N	SUPPORT	GRANDMASTER		312	228	143	1234	227	\N	2026-04-29 00:02:30.093991+00	2026-04-29 00:02:30.093991+00	\N
b476ea98-c6ba-49fc-b543-ed455f33da15	cde85f9e-fdef-4340-a396-8599f2e476fd	KBR Rocket	BR1	\N	TOP	MASTER		199	179	115	2345	197	\N	2026-04-29 00:02:30.093991+00	2026-04-29 00:02:30.093991+00	\N
deb776eb-a060-4a8a-be28-e3a620c16d08	cde85f9e-fdef-4340-a396-8599f2e476fd	KBR Boost	BR1	\N	JUNGLE	DIAMOND	II	67	143	101	5678	177	\N	2026-04-29 00:02:30.093991+00	2026-04-29 00:02:30.093991+00	\N
78438234-0d52-4fb2-bbae-acdfaee26076	cde85f9e-fdef-4340-a396-8599f2e476fd	KBR Blast	BR1	\N	MID	MASTER		378	208	132	8901	210	\N	2026-04-29 00:02:30.093991+00	2026-04-29 00:02:30.093991+00	\N
b911ec6b-28f4-464e-8633-578876e7e2cd	cde85f9e-fdef-4340-a396-8599f2e476fd	KBR Nitro	BR1	\N	ADC	GRANDMASTER		234	226	142	3456	222	\N	2026-04-29 00:02:30.093991+00	2026-04-29 00:02:30.093991+00	\N
09a0fbc4-dba9-4285-8616-69e4266e4da8	cde85f9e-fdef-4340-a396-8599f2e476fd	KBR Shield	BR1	\N	SUPPORT	MASTER		145	172	111	6789	190	\N	2026-04-29 00:02:30.093991+00	2026-04-29 00:02:30.093991+00	\N
4762cc65-b677-4e30-85ef-c7bf680616c6	2319a202-3c47-4d96-a81f-4cb924ad723f	INS Leonidas	BR1	\N	TOP	DIAMOND	I	89	138	96	4567	179	\N	2026-04-29 00:02:30.093991+00	2026-04-29 00:02:30.093991+00	\N
4682b500-bb46-4d52-abd0-beb7f8243fd1	2319a202-3c47-4d96-a81f-4cb924ad723f	INS Spartan	BR1	\N	JUNGLE	MASTER		267	185	117	7890	200	\N	2026-04-29 00:02:30.093991+00	2026-04-29 00:02:30.093991+00	\N
def2b37f-51e6-46ad-9bdd-e1b8b7f3a8cc	2319a202-3c47-4d96-a81f-4cb924ad723f	INS Oracle	BR1	\N	MID	GRANDMASTER		156	214	135	2345	216	\N	2026-04-29 00:02:30.093991+00	2026-04-29 00:02:30.093991+00	\N
3cfb2731-6cbd-40f4-990d-79aa9ada52f0	2319a202-3c47-4d96-a81f-4cb924ad723f	INS Archer	BR1	\N	ADC	MASTER		312	199	126	5678	206	\N	2026-04-29 00:02:30.093991+00	2026-04-29 00:02:30.093991+00	\N
8c79884d-915b-4202-ab4a-a9cae8c6fbe0	2319a202-3c47-4d96-a81f-4cb924ad723f	INS Aegis	BR1	\N	SUPPORT	DIAMOND	II	23	141	99	8901	175	\N	2026-04-29 00:02:30.093991+00	2026-04-29 00:02:30.093991+00	\N
2ffa77fe-d9b2-4548-882f-4fa5ad4e46f9	bc20302f-806d-4c63-8dc5-c7f1d82a7f1e	FlaTopGarena	BR1	ec62535c-1b96-4ef1-b7f5-67e594cd841a	TOP	PLATINUM	I	78	134	98	4567	187	\N	2026-04-29 01:03:11.984784+00	2026-04-29 01:03:11.984784+00	\N
72f6a55e-69a0-4141-9724-2a7ee1385c55	bc20302f-806d-4c63-8dc5-c7f1d82a7f1e	FlaJungleKing	FLA	7fc4bbe1-7a62-4476-9f6b-89320c36ec59	JUNGLE	DIAMOND	IV	23	201	178	3891	245	\N	2026-04-29 01:03:11.984784+00	2026-04-29 01:03:11.984784+00	\N
a3007940-e33a-4a76-ac36-44a4546d9e64	bc20302f-806d-4c63-8dc5-c7f1d82a7f1e	FlaMidLaner	BR1	49cfbfd1-2a0a-4bd8-9da8-1e3914d9432d	MID	PLATINUM	II	55	167	144	5123	210	\N	2026-04-29 01:03:11.984784+00	2026-04-29 01:03:11.984784+00	\N
568c46b0-f66c-4ce6-bbf1-d916728e9bf5	bc20302f-806d-4c63-8dc5-c7f1d82a7f1e	FlaADCarry	FLA	36493409-1c7e-4dfb-8559-86fae9b85264	ADC	GOLD	I	91	189	156	4012	198	\N	2026-04-29 01:03:11.984784+00	2026-04-29 01:03:11.984784+00	\N
1aa2a5c1-855f-4fd5-8ca1-15da164895d8	bc20302f-806d-4c63-8dc5-c7f1d82a7f1e	FlaSupport	BR1	989f7b86-b5da-4e07-b74e-6aa15e6aa348	SUPPORT	PLATINUM	III	12	145	130	6234	221	\N	2026-04-29 01:03:11.984784+00	2026-04-29 01:03:11.984784+00	\N
1139da07-93ea-4dd3-86c1-d6b07a54de7e	dcfd38cb-de46-49aa-a26a-fd4184d02e62	FRNTopBrasil	FRN	e7ccf62d-8453-4898-9632-cfdd161b702a	TOP	DIAMOND	III	67	212	180	7345	267	\N	2026-04-29 01:03:11.984784+00	2026-04-29 01:03:11.984784+00	\N
2a423cc6-96e9-4302-b940-45ed361aec6e	dcfd38cb-de46-49aa-a26a-fd4184d02e62	FuriaShadow	BR1	65ad6b16-b37d-4448-8912-0c2a60e3314a	JUNGLE	DIAMOND	II	45	245	199	2987	301	\N	2026-04-29 01:03:11.984784+00	2026-04-29 01:03:11.984784+00	\N
6a44df1b-5538-48d5-917e-419c1338f068	dcfd38cb-de46-49aa-a26a-fd4184d02e62	FRNMidMage	FRN	e288423c-c791-4c2f-8f60-db38e02a4380	MID	DIAMOND	IV	88	198	174	5678	289	\N	2026-04-29 01:03:11.984784+00	2026-04-29 01:03:11.984784+00	\N
4d591608-67b8-434c-8f71-4787a0da3a85	dcfd38cb-de46-49aa-a26a-fd4184d02e62	FuriaBotLaner	BR1	67c7a7eb-39a4-4a4d-8ff4-7c6b348e58de	ADC	PLATINUM	I	34	178	155	4321	234	\N	2026-04-29 01:03:11.984784+00	2026-04-29 01:03:11.984784+00	\N
e086aebb-cb71-4c59-8353-6876ada1286a	dcfd38cb-de46-49aa-a26a-fd4184d02e62	FRNEnchanter	FRN	348afd7c-de4a-49f4-b313-58faa0c3ac00	SUPPORT	DIAMOND	III	72	223	187	6789	312	\N	2026-04-29 01:03:11.984784+00	2026-04-29 01:03:11.984784+00	\N
634c5104-c166-415f-9bfc-4a3bf787f506	2319a202-3c47-4d96-a81f-4cb924ad723f	INSTopSpartan	INS	69dcae53-df1e-44d8-a25e-65c78ac2668a	TOP	GOLD	II	63	156	143	3456	178	\N	2026-04-29 01:03:11.984784+00	2026-04-29 01:03:11.984784+00	\N
db6b68d4-035d-48bf-bbd4-e2cbca8336dd	2319a202-3c47-4d96-a81f-4cb924ad723f	INTZJungler	BR1	79284c18-f9c3-4b30-a17d-2b201949d037	JUNGLE	PLATINUM	II	19	167	148	4567	198	\N	2026-04-29 01:03:11.984784+00	2026-04-29 01:03:11.984784+00	\N
6f8d5999-70d1-4bd6-9995-592dc6998c2b	2319a202-3c47-4d96-a81f-4cb924ad723f	INSMidControl	INS	ce9cd668-e3ba-4089-a9ab-a17b665eda5e	MID	PLATINUM	I	82	189	162	5890	223	\N	2026-04-29 01:03:11.984784+00	2026-04-29 01:03:11.984784+00	\N
d0e5c220-b06c-4236-95d2-f345321b8326	2319a202-3c47-4d96-a81f-4cb924ad723f	INTZMarksman	BR1	22fa61a2-a7ed-4ea8-962c-792758305e18	ADC	GOLD	I	47	145	132	3210	189	\N	2026-04-29 01:03:11.984784+00	2026-04-29 01:03:11.984784+00	\N
59fbd41e-1b90-43b7-ab41-c62284d56c97	2319a202-3c47-4d96-a81f-4cb924ad723f	INSSupportWall	INS	cc501227-053f-4ae0-a3e3-4170c6f101cd	SUPPORT	PLATINUM	IV	5	134	124	6012	201	\N	2026-04-29 01:03:11.984784+00	2026-04-29 01:03:11.984784+00	\N
54d4a681-198c-4856-82c7-11c70f591c96	cde85f9e-fdef-4340-a396-8599f2e476fd	KBRTopCarry	KBR	560b126d-3370-41a0-9c43-0c5ca33ef725	TOP	DIAMOND	I	56	234	195	7123	289	\N	2026-04-29 01:03:11.984784+00	2026-04-29 01:03:11.984784+00	\N
1808b64f-318b-45d2-950e-3fb8761b9cda	cde85f9e-fdef-4340-a396-8599f2e476fd	KabumJungleFire	BR1	bd2e6774-1ce6-4504-a6d0-248e3f3cbbbc	JUNGLE	MASTER	I	112	312	256	4890	356	\N	2026-04-29 01:03:11.984784+00	2026-04-29 01:03:11.984784+00	\N
6ed81769-6db8-4246-a652-4e7281aa06a2	cde85f9e-fdef-4340-a396-8599f2e476fd	KBRMidAssassin	KBR	523de389-bebb-43a3-873a-375038784c9f	MID	DIAMOND	II	33	278	231	5345	334	\N	2026-04-29 01:03:11.984784+00	2026-04-29 01:03:11.984784+00	\N
d6b54d5a-2f77-482c-982a-f6369d5869f5	cde85f9e-fdef-4340-a396-8599f2e476fd	KabumADC	BR1	c4ba53ce-4237-4bac-b6fb-2388eb5dbb1a	ADC	DIAMOND	III	71	256	212	3678	312	\N	2026-04-29 01:03:11.984784+00	2026-04-29 01:03:11.984784+00	\N
112e3a44-c1b0-496a-80c4-b0dd9ebf3269	cde85f9e-fdef-4340-a396-8599f2e476fd	KBRSupportTank	KBR	0fdf1768-78b9-47c2-bac1-deee7fe6594a	SUPPORT	DIAMOND	II	89	267	218	6456	323	\N	2026-04-29 01:03:11.984784+00	2026-04-29 01:03:11.984784+00	\N
e5b894d0-56a8-4f76-b50e-0deac7c45346	3692402c-acb2-40a4-93d8-27da7512bdad	LUDTopFighter	LUD	cfa1f807-6713-4356-9c1b-4d8f6b58e22e	TOP	PLATINUM	II	44	178	155	4234	212	\N	2026-04-29 01:03:11.984784+00	2026-04-29 01:03:11.984784+00	\N
1896e1d4-0011-45e4-851c-71e55794232e	3692402c-acb2-40a4-93d8-27da7512bdad	LOUDJungleUp	BR1	5b980ad2-c9d1-41f0-8f8d-e18cf4802e7d	JUNGLE	DIAMOND	IV	67	212	181	3567	256	\N	2026-04-29 01:03:11.984784+00	2026-04-29 01:03:11.984784+00	\N
f9d508e6-9cca-4caf-aeb5-eb5c638f6ade	3692402c-acb2-40a4-93d8-27da7512bdad	LUDMidUprise	LUD	50568639-1533-47cd-b8de-97632f195edd	MID	DIAMOND	III	28	234	196	5890	278	\N	2026-04-29 01:03:11.984784+00	2026-04-29 01:03:11.984784+00	\N
43ba4542-61eb-464a-b454-076bffc65118	3692402c-acb2-40a4-93d8-27da7512bdad	LOUDADCBot	BR1	18f37fe4-ea5e-498c-bd8b-915c2857ecb5	ADC	PLATINUM	I	93	189	163	4123	234	\N	2026-04-29 01:03:11.984784+00	2026-04-29 01:03:11.984784+00	\N
d5401ae1-5442-487b-bd2d-afec0d700cf3	3692402c-acb2-40a4-93d8-27da7512bdad	LUDSupportHeal	LUD	5280dcf4-fe7f-49ba-a3a0-054875f671d9	SUPPORT	PLATINUM	III	15	167	148	7234	245	\N	2026-04-29 01:03:11.984784+00	2026-04-29 01:03:11.984784+00	\N
ee047e1e-7a99-4863-a023-d5df4d2ecac8	36c7a784-99a3-41a7-b55c-a3e9a75f1f3c	PACAcademyTop	PAC	4b2e3a78-cfbf-4cd7-a474-6d349df57254	TOP	DIAMOND	II	52	256	211	6345	312	\N	2026-04-29 01:03:11.984784+00	2026-04-29 01:03:11.984784+00	\N
853be3aa-f93b-4200-9a27-25eb6727a3fa	36c7a784-99a3-41a7-b55c-a3e9a75f1f3c	pAINJungleAcad	BR1	ec3a77f9-98f7-4e74-9a4e-bd988a2d70a0	JUNGLE	MASTER	I	78	334	271	4678	389	\N	2026-04-29 01:03:11.984784+00	2026-04-29 01:03:11.984784+00	\N
a46e2a85-cf0d-447d-9d48-c21499c4af4f	36c7a784-99a3-41a7-b55c-a3e9a75f1f3c	PACMidProdigy	PAC	e71bb0c9-56da-480f-8b29-e1398f5e675b	MID	DIAMOND	I	41	289	234	5123	345	\N	2026-04-29 01:03:11.984784+00	2026-04-29 01:03:11.984784+00	\N
15afdbe3-62f1-4357-9120-98140aab0430	36c7a784-99a3-41a7-b55c-a3e9a75f1f3c	pAINMarksman	BR1	e1950e8a-21b3-4cad-b710-229873eee113	ADC	DIAMOND	III	86	245	202	3890	301	\N	2026-04-29 01:03:11.984784+00	2026-04-29 01:03:11.984784+00	\N
2546a3c0-5328-4965-8114-dc99f02a3e46	36c7a784-99a3-41a7-b55c-a3e9a75f1f3c	PACVisionary	PAC	af192183-dd7f-4efb-a456-567e78acb3b0	SUPPORT	DIAMOND	II	63	267	219	7567	334	\N	2026-04-29 01:03:11.984784+00	2026-04-29 01:03:11.984784+00	\N
d4bc80b5-073e-4e56-a456-b815128e7131	05ff676f-91e9-4a90-9a2f-b7fb75161d99	RDUTopBear	RDU	f94a959d-4a2b-4c3e-b25e-98b44877b99d	TOP	PLATINUM	III	38	167	149	4567	201	\N	2026-04-29 01:03:11.984784+00	2026-04-29 01:03:11.984784+00	\N
483b7a24-c37c-4552-a9b4-b93840947d8b	05ff676f-91e9-4a90-9a2f-b7fb75161d99	REDJungleUrso	BR1	a89ddf56-0949-4348-87fe-95e78fd265bf	JUNGLE	DIAMOND	IV	55	198	173	3234	245	\N	2026-04-29 01:03:11.984784+00	2026-04-29 01:03:11.984784+00	\N
f3566885-48d9-4cfe-ad32-52236d4ea4e8	05ff676f-91e9-4a90-9a2f-b7fb75161d99	RDUMidPower	RDU	88eefec8-dab9-434d-94e0-08bc72e47d2c	MID	PLATINUM	II	74	178	155	5678	223	\N	2026-04-29 01:03:11.984784+00	2026-04-29 01:03:11.984784+00	\N
b33f5b42-cf77-405c-82ce-50c0bf95d3fc	05ff676f-91e9-4a90-9a2f-b7fb75161d99	REDCarryBot	BR1	cf5a9f8d-8f7a-4be5-9426-ff66bbab3d2d	ADC	GOLD	I	28	156	138	4012	189	\N	2026-04-29 01:03:11.984784+00	2026-04-29 01:03:11.984784+00	\N
e2a2769b-e921-4bad-ba8f-7c82a153c64e	05ff676f-91e9-4a90-9a2f-b7fb75161d99	RDUSupportRed	RDU	e21ce126-af51-4d85-9bc2-ca2a76f509d1	SUPPORT	PLATINUM	I	91	189	161	6890	234	\N	2026-04-29 01:03:11.984784+00	2026-04-29 01:03:11.984784+00	\N
ee792bcb-5552-411c-a7a3-df8df2cccb72	f6e88766-8c69-4cf3-857f-07564c8c3e7a	SMBTopStrong	SMB	9baf35a0-ff65-4beb-9d0d-328d3e6c0538	TOP	GOLD	III	22	145	134	3456	178	\N	2026-04-29 01:03:11.984784+00	2026-04-29 01:03:11.984784+00	\N
581def81-eb08-495c-8324-4369625f060b	f6e88766-8c69-4cf3-857f-07564c8c3e7a	SEMJungleForce	BR1	1dedad62-6f21-42a2-bd32-8fa86355e2bc	JUNGLE	PLATINUM	III	48	156	141	4123	201	\N	2026-04-29 01:03:11.984784+00	2026-04-29 01:03:11.984784+00	\N
cbd85fd5-0857-428c-b67b-d990e757036d	f6e88766-8c69-4cf3-857f-07564c8c3e7a	SMBMidControl	SMB	4095b40b-a50d-42e3-ba51-67e7286ba2ba	MID	GOLD	I	83	167	150	5234	212	\N	2026-04-29 01:03:11.984784+00	2026-04-29 01:03:11.984784+00	\N
d34400e8-f9d1-4870-88ec-de525e644cb1	f6e88766-8c69-4cf3-857f-07564c8c3e7a	SEMADCShot	BR1	073a6a8d-79fb-480e-a92f-7ecefce61ff2	ADC	PLATINUM	IV	7	134	124	3789	178	\N	2026-04-29 01:03:11.984784+00	2026-04-29 01:03:11.984784+00	\N
3f65403a-0977-4b62-943c-966e351d0c10	f6e88766-8c69-4cf3-857f-07564c8c3e7a	SMBSupportAura	SMB	0471ffaf-edd1-453d-a3ec-260f853532df	SUPPORT	GOLD	II	59	145	133	6345	198	\N	2026-04-29 01:03:11.984784+00	2026-04-29 01:03:11.984784+00	\N
1330a03d-4187-44db-b342-7bc188f1c418	ced291fd-241a-4b3d-8d12-898006af5e52	VKSTopStar	VKS	2174a182-6a4b-42dd-b11a-cf77404dfdff	TOP	MASTER	I	34	345	278	7890	412	\N	2026-04-29 01:03:11.984784+00	2026-04-29 01:03:11.984784+00	\N
5a9aa7dd-f5b2-4d1e-a786-1bc45f035224	ced291fd-241a-4b3d-8d12-898006af5e52	KeydJungleStar	BR1	337d7e19-928c-48c0-93ab-775f9749049c	JUNGLE	MASTER	I	156	378	298	4567	445	\N	2026-04-29 01:03:11.984784+00	2026-04-29 01:03:11.984784+00	\N
2059c738-5230-4c92-9aa5-aff7328e60e9	ced291fd-241a-4b3d-8d12-898006af5e52	VKSMidStar	VKS	eca8bdcc-398f-4dfe-96e2-b4ea45ed1204	MID	GRANDMASTER	I	89	412	321	5678	489	\N	2026-04-29 01:03:11.984784+00	2026-04-29 01:03:11.984784+00	\N
c69b7415-1c43-4d85-a1f7-4e7842427ea5	ced291fd-241a-4b3d-8d12-898006af5e52	KeydADCStar	BR1	bf6747d3-63ff-4881-9455-d97f6ddf70c2	ADC	MASTER	I	67	356	281	3901	423	\N	2026-04-29 01:03:11.984784+00	2026-04-29 01:03:11.984784+00	\N
d1aa5e6b-11f3-454f-9283-5fac5de7353d	ced291fd-241a-4b3d-8d12-898006af5e52	VKSSupportStar	VKS	b04aa2d2-5592-4189-aeff-e06b5e792edc	SUPPORT	MASTER	I	112	389	304	7123	456	\N	2026-04-29 01:03:11.984784+00	2026-04-29 01:03:11.984784+00	\N
\.


--
-- TOC entry 4385 (class 0 OID 17919)
-- Dependencies: 389
-- Data for Name: player_stats; Type: TABLE DATA; Schema: public; Owner: postgres
--

COPY public.player_stats (id, game_id, player_id, team_id, champion, kills, deaths, assists, cs, vision_score, damage_dealt, is_mvp, created_at, gold_earned, wards_placed, game_duration, win, role) FROM stdin;
\.


--
-- TOC entry 4387 (class 0 OID 18106)
-- Dependencies: 391
-- Data for Name: prize_distribution; Type: TABLE DATA; Schema: public; Owner: postgres
--

COPY public.prize_distribution (id, tournament_id, placement, description, value, created_at) FROM stdin;
3693096c-f3ac-4f48-83c1-11ba9265b0be	b97476e8-4411-46bc-ad6f-60a567207997	1	1º Lugar	R$ 3.000	2026-04-29 00:03:59.306009+00
f4892d72-a006-41ff-9da0-d1877c8e5eb5	b97476e8-4411-46bc-ad6f-60a567207997	2	2º Lugar	R$ 1.500	2026-04-29 00:03:59.306009+00
55c69176-97d8-482c-b71b-e55377d87252	b97476e8-4411-46bc-ad6f-60a567207997	3	3º/4º Lugar	R$ 250	2026-04-29 00:03:59.306009+00
62332f76-eb87-46f7-b1cc-e3f34bf50de1	9dda094c-b93d-40c8-a40d-50f682136d3e	1	1º Lugar	R$ 1.800	2026-04-29 00:03:59.306009+00
49fcf45d-1c42-42a7-9c6b-9d934996de23	9dda094c-b93d-40c8-a40d-50f682136d3e	2	2º Lugar	R$ 900	2026-04-29 00:03:59.306009+00
2e64fd11-3fa6-476c-997c-bd78a66c867b	9dda094c-b93d-40c8-a40d-50f682136d3e	3	3º Lugar	R$ 300	2026-04-29 00:03:59.306009+00
fdc1ebfa-80ea-4397-9082-78305c5f8a46	861f5900-c4f8-441f-a3e9-9eb0a54788f5	1	1º Lugar	R$ 400	2026-04-29 00:03:59.306009+00
59fe5895-1842-4591-9a5c-c5521fbfb916	861f5900-c4f8-441f-a3e9-9eb0a54788f5	2	2º Lugar	R$ 100	2026-04-29 00:03:59.306009+00
1973b41d-0b65-42ef-b8af-d630fcedf549	f8b674be-91d9-41a8-a706-e8f5e5f4c8c7	1	1º Lugar	R$ 1.200	2026-04-29 00:03:59.306009+00
183ef926-fca0-423f-b792-dfe81e4c23cc	f8b674be-91d9-41a8-a706-e8f5e5f4c8c7	2	2º Lugar	R$ 600	2026-04-29 00:03:59.306009+00
7311edc9-52e9-49b2-81da-61bac4280bc6	f8b674be-91d9-41a8-a706-e8f5e5f4c8c7	3	3º/4º Lugar	R$ 100	2026-04-29 00:03:59.306009+00
\.


--
-- TOC entry 4394 (class 0 OID 18464)
-- Dependencies: 407
-- Data for Name: rank_snapshots; Type: TABLE DATA; Schema: public; Owner: postgres
--

COPY public.rank_snapshots (id, riot_account_id, queue_type, tier, rank, lp, wins, losses, hot_streak, snapshotted_at) FROM stdin;
61f1f50b-1221-42fa-a272-eeb8cbc66dee	5373cf99-aac2-4c51-a36c-58f6bdd33428	RANKED_SOLO_5x5	BRONZE	III	85	5	5	f	2026-04-28 21:29:41.99952+00
\.


--
-- TOC entry 4388 (class 0 OID 18121)
-- Dependencies: 392
-- Data for Name: seedings; Type: TABLE DATA; Schema: public; Owner: postgres
--

COPY public.seedings (id, tournament_id, team_id, seed, method, created_at) FROM stdin;
83fb025d-4cfd-44c4-bec5-e5a1061c958e	b97476e8-4411-46bc-ad6f-60a567207997	36c7a784-99a3-41a7-b55c-a3e9a75f1f3c	1	RANKING	2026-04-29 00:03:59.306009+00
78bbf4a5-aa2c-421d-af6b-bf0b7cc73130	b97476e8-4411-46bc-ad6f-60a567207997	dcfd38cb-de46-49aa-a26a-fd4184d02e62	2	RANKING	2026-04-29 00:03:59.306009+00
a8fd13fc-40f8-4376-b8b9-b1220d614f29	b97476e8-4411-46bc-ad6f-60a567207997	3692402c-acb2-40a4-93d8-27da7512bdad	3	RANKING	2026-04-29 00:03:59.306009+00
a95581a9-12e1-45b6-9bbe-53a0de5313bf	b97476e8-4411-46bc-ad6f-60a567207997	05ff676f-91e9-4a90-9a2f-b7fb75161d99	4	RANKING	2026-04-29 00:03:59.306009+00
4ed37d98-4535-4b4a-9a3f-c498cbcd0454	b97476e8-4411-46bc-ad6f-60a567207997	bc20302f-806d-4c63-8dc5-c7f1d82a7f1e	5	RANKING	2026-04-29 00:03:59.306009+00
b1b8fd3e-f0f9-48f9-9ac5-e218f78b95fa	b97476e8-4411-46bc-ad6f-60a567207997	ced291fd-241a-4b3d-8d12-898006af5e52	6	RANKING	2026-04-29 00:03:59.306009+00
f506cf08-ba7d-4e38-b0a4-7fbb2afebdc3	b97476e8-4411-46bc-ad6f-60a567207997	cde85f9e-fdef-4340-a396-8599f2e476fd	7	RANKING	2026-04-29 00:03:59.306009+00
4ce7d0bc-4ee5-447b-b011-4d6be6df3cb6	b97476e8-4411-46bc-ad6f-60a567207997	2319a202-3c47-4d96-a81f-4cb924ad723f	8	RANKING	2026-04-29 00:03:59.306009+00
90cd601d-f152-4d6e-908b-ccbe25d1430e	f8b674be-91d9-41a8-a706-e8f5e5f4c8c7	36c7a784-99a3-41a7-b55c-a3e9a75f1f3c	1	RANKING	2026-04-29 00:03:59.306009+00
00ff11e4-58c2-404f-a0c9-d4f2218ffdc4	f8b674be-91d9-41a8-a706-e8f5e5f4c8c7	3692402c-acb2-40a4-93d8-27da7512bdad	2	RANKING	2026-04-29 00:03:59.306009+00
6bd003f9-bc50-4868-b5f4-700cb4f01457	f8b674be-91d9-41a8-a706-e8f5e5f4c8c7	dcfd38cb-de46-49aa-a26a-fd4184d02e62	3	RANKING	2026-04-29 00:03:59.306009+00
d00b7051-7972-4936-940b-6a38592115ae	f8b674be-91d9-41a8-a706-e8f5e5f4c8c7	bc20302f-806d-4c63-8dc5-c7f1d82a7f1e	4	RANKING	2026-04-29 00:03:59.306009+00
\.


--
-- TOC entry 4396 (class 0 OID 18751)
-- Dependencies: 409
-- Data for Name: site_terms_acceptance; Type: TABLE DATA; Schema: public; Owner: postgres
--

COPY public.site_terms_acceptance (id, profile_id, terms_version, accepted_at, ip_address) FROM stdin;
\.


--
-- TOC entry 4389 (class 0 OID 18157)
-- Dependencies: 393
-- Data for Name: team_invites; Type: TABLE DATA; Schema: public; Owner: postgres
--

COPY public.team_invites (id, team_id, invited_by, summoner_name, tag_line, role, status, expires_at, created_at) FROM stdin;
\.


--
-- TOC entry 4397 (class 0 OID 19831)
-- Dependencies: 410
-- Data for Name: team_members; Type: TABLE DATA; Schema: public; Owner: postgres
--

COPY public.team_members (id, team_id, profile_id, riot_account_id, team_role, status, invited_by, invited_at, responded_at, lane) FROM stdin;
e8dfb5c6-4ce7-4e3c-8472-91af756fc05b	f6e88766-8c69-4cf3-857f-07564c8c3e7a	6c4cb5c8-e8de-40d9-8321-9281a140eaee	5373cf99-aac2-4c51-a36c-58f6bdd33428	captain	accepted	6c4cb5c8-e8de-40d9-8321-9281a140eaee	2026-04-28 21:32:37.842425+00	2026-04-28 21:32:37.842425+00	\N
ee6faa64-188e-4ba2-acfd-cbfcde40b56f	63c8df3b-04ca-4a0e-ac60-f93bf02feaba	6c4cb5c8-e8de-40d9-8321-9281a140eaee	5373cf99-aac2-4c51-a36c-58f6bdd33428	captain	accepted	6c4cb5c8-e8de-40d9-8321-9281a140eaee	2026-04-28 21:40:07.059605+00	2026-04-28 21:40:07.059605+00	\N
51a553af-76ad-44e3-aa90-22e776a2847f	3692402c-acb2-40a4-93d8-27da7512bdad	6c4cb5c8-e8de-40d9-8321-9281a140eaee	5373cf99-aac2-4c51-a36c-58f6bdd33428	captain	accepted	6c4cb5c8-e8de-40d9-8321-9281a140eaee	2026-04-29 00:02:30.093991+00	2026-04-29 00:02:30.093991+00	\N
e9e00b9c-11fe-4101-8aa0-bafd95e2ba43	36c7a784-99a3-41a7-b55c-a3e9a75f1f3c	6c4cb5c8-e8de-40d9-8321-9281a140eaee	5373cf99-aac2-4c51-a36c-58f6bdd33428	captain	accepted	6c4cb5c8-e8de-40d9-8321-9281a140eaee	2026-04-29 00:02:30.093991+00	2026-04-29 00:02:30.093991+00	\N
d2de269b-9e1a-49db-a22a-70bb13d028dc	dcfd38cb-de46-49aa-a26a-fd4184d02e62	6c4cb5c8-e8de-40d9-8321-9281a140eaee	5373cf99-aac2-4c51-a36c-58f6bdd33428	captain	accepted	6c4cb5c8-e8de-40d9-8321-9281a140eaee	2026-04-29 00:02:30.093991+00	2026-04-29 00:02:30.093991+00	\N
f066a56d-97ad-48d4-8b31-13099db4d24c	bc20302f-806d-4c63-8dc5-c7f1d82a7f1e	6c4cb5c8-e8de-40d9-8321-9281a140eaee	5373cf99-aac2-4c51-a36c-58f6bdd33428	captain	accepted	6c4cb5c8-e8de-40d9-8321-9281a140eaee	2026-04-29 00:02:30.093991+00	2026-04-29 00:02:30.093991+00	\N
1d0fc1bc-b47a-48f7-b809-83b52940d104	05ff676f-91e9-4a90-9a2f-b7fb75161d99	6c4cb5c8-e8de-40d9-8321-9281a140eaee	5373cf99-aac2-4c51-a36c-58f6bdd33428	captain	accepted	6c4cb5c8-e8de-40d9-8321-9281a140eaee	2026-04-29 00:02:30.093991+00	2026-04-29 00:02:30.093991+00	\N
77406b2c-fde9-434e-a34d-d334906c2f79	ced291fd-241a-4b3d-8d12-898006af5e52	6c4cb5c8-e8de-40d9-8321-9281a140eaee	5373cf99-aac2-4c51-a36c-58f6bdd33428	captain	accepted	6c4cb5c8-e8de-40d9-8321-9281a140eaee	2026-04-29 00:02:30.093991+00	2026-04-29 00:02:30.093991+00	\N
6fde6cfa-aa01-498c-881b-1a00d4238b60	cde85f9e-fdef-4340-a396-8599f2e476fd	6c4cb5c8-e8de-40d9-8321-9281a140eaee	5373cf99-aac2-4c51-a36c-58f6bdd33428	captain	accepted	6c4cb5c8-e8de-40d9-8321-9281a140eaee	2026-04-29 00:02:30.093991+00	2026-04-29 00:02:30.093991+00	\N
a6c4692b-d840-44b5-a75a-e65de34f8f57	2319a202-3c47-4d96-a81f-4cb924ad723f	6c4cb5c8-e8de-40d9-8321-9281a140eaee	5373cf99-aac2-4c51-a36c-58f6bdd33428	captain	accepted	6c4cb5c8-e8de-40d9-8321-9281a140eaee	2026-04-29 00:02:30.093991+00	2026-04-29 00:02:30.093991+00	\N
\.


--
-- TOC entry 4399 (class 0 OID 19923)
-- Dependencies: 412
-- Data for Name: tournament_match_results; Type: TABLE DATA; Schema: public; Owner: postgres
--

COPY public.tournament_match_results (id, tournament_code, game_id, game_data, processed, received_at) FROM stdin;
\.


--
-- TOC entry 4391 (class 0 OID 18215)
-- Dependencies: 395
-- Data for Name: tournament_rules; Type: TABLE DATA; Schema: public; Owner: postgres
--

COPY public.tournament_rules (id, tournament_id, section, content, rule_order, created_at) FROM stdin;
\.


-- Completed on 2026-05-03 10:42:09

--
-- PostgreSQL database dump complete
--

\unrestrict A2prxGhq7pMNdrybNAhjkNC2fDIjVF2rubGVHVSUo4faumhRYyvrxteR3OS9F2L

